0xc02aaa39b223fe8d0a0e5c4f27ead9083c756cc2,1093.98,2022-11-22 10:03:53
0xa0b86991c6218b36c1d19d4a2e9eb0ce3606eb48,1.004,2022-11-22 10:03:07
0x6b175474e89094c44da98b954eedeac495271d0f,1.002,2022-11-22 10:00:29
0xdac17f958d2ee523a2206206994597c13d831ec7,1.002,2022-11-22 10:00:15
0xb1191f691a355b43542bea9b8847bc73e7abb137,0.01722303,2022-11-22 10:03:04
0x2260fac5e5542a773aa44fbcfedf7c193bc2c599,15677.37,2022-11-22 10:03:53
0xd533a949740bb3306d119cc777fa900ba034cd52,0.488063,2022-11-22 10:02:50
0x853d955acef822db058eb8505911ed77f175b99e,1.002,2022-11-22 10:03:52
0x7fc66500c84a76ad7e9c93437bfc5ac33e2ddae9,55.11,2022-11-22 10:03:41
0x0d8775f648430679a709e98d2b0cb6250d2887ef,0.219233,2022-11-22 10:03:51
0xc690f7c7fcffa6a82b79fab7508c466fefdfc8c5,0.00107256,2022-11-22 10:02:36
0x949d48eca67b17269629c7194f4b727d4ef9e5d6,0.386279,2022-11-22 10:03:44
0x656c00e1bcd96f256f224ad9112ff426ef053733,0.076382,2022-11-22 10:03:45
0xeeaa2deebded2d04f32ba2a83d73c31c58e612f3,0.0,2022-11-22 10:04:00.109462
0xc02aaa39b223fe8d0a0e5c4f27ead9083c756cc2,1093.29,2022-11-22 10:05:59
0xa0b86991c6218b36c1d19d4a2e9eb0ce3606eb48,1.0,2022-11-22 10:05:24
0x6b175474e89094c44da98b954eedeac495271d0f,1.002,2022-11-22 10:00:29
0xdac17f958d2ee523a2206206994597c13d831ec7,0.999045,2022-11-22 10:05:13
0xb1191f691a355b43542bea9b8847bc73e7abb137,0.01716418,2022-11-22 10:06:13
0x2260fac5e5542a773aa44fbcfedf7c193bc2c599,15632.45,2022-11-22 10:06:20
0xd533a949740bb3306d119cc777fa900ba034cd52,0.484937,2022-11-22 10:06:16
0x853d955acef822db058eb8505911ed77f175b99e,0.999415,2022-11-22 10:06:15
0x7fc66500c84a76ad7e9c93437bfc5ac33e2ddae9,54.93,2022-11-22 10:06:03
0x0d8775f648430679a709e98d2b0cb6250d2887ef,0.218627,2022-11-22 10:07:17
0xc690f7c7fcffa6a82b79fab7508c466fefdfc8c5,0.00106692,2022-11-22 10:06:13
0x949d48eca67b17269629c7194f4b727d4ef9e5d6,0.384941,2022-11-22 10:07:08
0x656c00e1bcd96f256f224ad9112ff426ef053733,0.07612,2022-11-22 10:07:09
0xeeaa2deebded2d04f32ba2a83d73c31c58e612f3,0.0,2022-11-22 10:07:32.574749
0x9ea3b5b4ec044b70375236a281986106457b20ef,0.763858,2022-11-22 10:06:22
0xf16e81dce15b08f326220742020379b855b87df9,0.15289,2022-11-22 10:07:31
0xc011a73ee8576fb46f5e1c5751ca3b9fe0af2a6f,1.61,2022-11-22 10:07:17
0x6810e776880c02933d47db1b9fc05908e5386b96,79.17,2022-11-22 10:07:24
0xffceca5b48b9b616440bebe421ff210c19eed6a7,0.0,2022-11-22 10:07:35.835263
0x95ad61b0a150d79219dcf64e1e6cc01f0b64c4ce,8.4e-06,2022-11-22 10:07:21
0x3472a5a71965499acd81997a54bba8d852c6e53d,2.52,2022-11-22 10:07:33
0x9fa69536d1cda4a04cfb50688294de75b505a9ae,0.120066,2022-11-22 10:07:33
0x2b591e99afe9f32eaa6214f7b7629768c40eeb39,0.02755947,2022-11-22 10:07:01
0xbaa9af8a83500ac4137c555b9e58ccb3e1f2269d,4.9086e-14,2022-11-21 10:16:49
0x090185f2135308bad17527004364ebcc2d37e5f6,0.00059828,2022-11-22 10:07:32
0xc18360217d8f7ab5e7c516566761ea12ce7f9d72,11.98,2022-11-22 10:07:20
0x69af81e73a73b40adf4f3d4223cd9b1ece623074,2.39,2022-11-22 10:07:21
0x0316eb71485b0ab14103307bf65a021042c6d380,15756.81,2022-11-22 10:07:23
0xeb4c2781e4eba804ce9a9803c67d0893436bb27d,15863.59,2022-11-22 10:08:38
0x57ab1ec28d129707052df4df418d58a2d46d5f51,1.003,2022-11-22 10:07:48
0x1f9840a85d5af5bf1d1762f925bdaddc4201f984,5.11,2022-11-22 10:07:49
0xd76d3b52ca0df8456d248337ca83e8ddedf8227d,0.0,2022-11-22 10:08:46.702235
0xf57e7e7c23978c3caec3c3548e3d615c346e79ff,0.396301,2022-11-22 10:08:43
0x9f8f72aa9304c8b593d555f12ef6589cc3a579a2,637.37,2022-11-22 10:08:45
0x956f47f50a910163d8bf957cf5846d573e7f87ca,0.991376,2022-11-22 10:08:34
0x0f5d2fb29fb7d3cfee444a200298f468908cc942,0.373563,2022-11-22 10:08:44
0x01e0e2e61f554ecaaec0cc933e739ad90f24a86d,0.533973,2022-11-22 10:08:45
0xb4efd85c19999d84251304bda99e90b92300bd93,0.0,2022-11-22 10:08:48.403154
0x476c5e26a75bd202a9683ffd34359c0cc15be0ff,0.251739,2022-11-22 10:08:34
0x3affcca64c2a6f4e3b6bd9c64cd2c969efd1ecbe,0.00054986,2022-11-22 10:08:36
0xe5b826ca2ca02f09c1725e9bd98d9a8874c30532,0.00417512,2022-11-22 10:08:36
0x77fba179c79de5b7653f68b5039af940ada60ce0,2.77,2022-11-22 10:08:38
0xa47c8bf37f92abed4a126bda807a7b7498661acd,0.01938991,2022-11-22 10:08:47
0xd85301d4ab345b901a0ef369f69f7e6ff06b97a3,0.0,2022-11-22 10:08:50.691675
0x8642a849d0dcb7a15a974794668adcfbe4794b56,0.740838,2022-11-22 10:08:41
0x7bb594b3c757801346801f025699e39e7aaf5a49,0.0,2022-11-22 10:10:02.093086
0x2f109021afe75b949429fe30523ee7c0d5b27207,0.130996,2022-11-22 10:09:41
0x6b3595068778dd592e39a122f4f5a5cf09c90fe2,1.13,2022-11-22 10:09:54
0xddb3422497e61e13543bea06989c0789117555c5,0.067546,2022-11-22 10:09:58
0x58b6a8a3302369daec383334672404ee733ab239,6.99,2022-11-22 10:09:49
0x73968b9a57c6e53d41345fd57a6e6ae27d6cdb2f,0.300712,2022-11-22 10:10:05
0x514910771af9ca656af840dff83e8264ecf986ca,5.98,2022-11-22 10:08:51
0xdb5c3c46e28b53a39c255aa39a411dd64e5fed9c,0.131127,2022-11-22 10:10:04
0x653430560be843c4a3d143d0110e896c2ab8ac0d,0.0001003,2022-11-22 10:09:18
0x1c9922314ed1415c95b9fd453c3818fd41867d0b,0.00338736,2022-11-22 10:10:03
0x557b933a7c2c45672b610f8954a3deb39a51a8ca,0.01322097,2022-11-22 10:10:04
0x0202be363b8a4820f3f4de7faf5224ff05943ab1,0.260292,2022-11-22 10:09:53
0x99d8a9c45b2eca8864373a26d1459e3dff1e17f3,1.001,2022-11-22 10:10:09
0x25f8087ead173b73d6e8b84329989a8eea16cf73,0.198685,2022-11-22 10:09:58
0xba11d00c5f74255f56a5e366f4f77f5a186d7f55,1.63,2022-11-22 10:10:09
0xec67005c4e498ec7f55e092bd1d35cbc47c91892,19.19,2022-11-22 10:10:00
0x2e9d63788249371f1dfc918a52f8d799f4a38c94,0.964364,2022-11-22 10:09:42
0x4e3fbd56cd56c3e72c1403e103b45db9da5b9d2b,3.55,2022-11-22 10:10:15
0xbc396689893d065f41bc2c6ecbee5e0085233447,0.388495,2022-11-22 10:09:17
0xe90e3c55c5ce9fc3d7a96733f421852158af7808,0.0,2022-11-22 10:10:20.256452
0x0bc529c00c6401aef6d220be8c6ea1667f6ad93e,6007.77,2022-11-22 10:10:14
0x0f51bb10119727a7e5ea3538074fb341f56b09ad,0.794087,2022-11-22 10:10:17
0x249e38ea4102d0cf8264d3701f1a0e39c4f2dc3b,1.14e-06,2022-11-22 10:10:08
0xf34b1db61aca1a371fe97bad2606c9f534fb9d7d,0.253542,2022-11-22 10:09:48
0x1a7e4e63778b4f12a199c062f3efdd288afcbce8,1.029,2022-11-22 10:10:03
0xc581b735a1688071a1746c968e0798d642ede491,1.025,2022-11-22 10:10:15
0xf5c771e0b749444eaec5c1f7ef5c0b93200bb0e4,0.140292,2022-03-09 15:32:07
0xf1f955016ecbcd7321c7266bccfb96c68ea5e49b,0.00944429,2022-11-22 10:10:12
0xd075e95423c5c4ba1e122cae0f4cdfa19b82881b,505.91,2022-11-22 10:09:52
0x4412377bedde232e784e26af46a8943994f8b175,0.0,2022-11-22 10:10:26.339534
0xb4646b9c7b5c65d38229fd9d567296de434b8b60,0.0,2022-11-22 10:10:26.647982
0x9d95d1a9d2c5325ae16f2640804b0fdf15e3c612,0.0,2022-11-22 10:10:26.969944
0x31c4e7e38be231bbeb81269d4e42b4af4492360d,0.0,2022-11-22 10:11:28.040391
0x69dd7afe68ec99313405af735d7654cb073d5482,0.0,2022-11-22 10:11:28.345074
0x018948fa12e4d760725d58af80cf02cc63baab8c,0.0,2022-11-22 10:11:28.629323
0x408e41876cccdc0f92210600ef50372656052a38,0.073126,2022-11-22 10:11:12
0x0ab87046fbb341d058f17cbc4c1133f25a20a52f,2077.69,2022-11-22 10:11:27
0x8a6f3bf52a26a21531514e23016eeae8ba7e7018,4.953e-05,2022-11-13 10:23:18
0x8207c1ffc5b6804f6024322ccf34f29c3541ae26,0.094785,2022-11-22 10:11:17
0x07bac35846e5ed502aa91adf6a9e7aa210f2dcbe,0.00152693,2022-11-22 10:11:10
0x7dd9c5cba05e151c895fde1cf355c9a1d5da6429,0.202365,2022-11-22 10:11:20
0x6069c9223e8a5da1ec49ac5525d4bb757af72cd8,0.01413046,2022-11-22 10:11:05
0xd46ba6d942050d489dbd938a2c909a5d5039a161,0.990818,2022-11-22 10:11:28
0xa117000000f279d81a1d3cc75430faa017fa5a2e,1.83,2022-11-22 10:11:17
0x1104080b3ca1f766a33c16aa890465d1a63e5078,0.0,2022-11-22 10:11:32.808140
0x865377367054516e17014ccded1e7d814edc9ce4,1.0,2022-11-22 10:11:15
0x3432b6a60d23ca0dfca7761b7ab56459d9c964d0,4.3,2022-11-22 10:11:29
0x00a8b738e453ffd858a7edf03bccfe20412f0eb0,0.04160428,2022-11-22 10:10:54
0x8f8221afbb33998d8584a2b05749ba73c37a938a,0.085299,2022-11-22 10:11:31
0x5f98805a4e8be255a32880fdec7f6728c6568ba0,1.04,2022-11-22 10:11:24
0x3b94440c8c4f69d5c9f47bab9c5a93064df460f5,0.0,2022-11-22 10:11:34.763051
0x961dd84059505d59f82ce4fb87d3c09bec65301d,0.0,2022-11-22 10:13:45.614631
0xd33526068d116ce69f19a9ee46f0bd304f21a51f,14.98,2022-11-22 10:13:38
0x41d5d79431a913c4ae7d69a668ecdfe5ff9dfb68,49.09,2022-11-22 10:13:36
0x5a98fcbea516cf06857215779fd812ca3bef1b32,1.095,2022-11-22 10:13:10
0x1494ca1f11d487c2bbe4543e90080aeba4ba3c2b,61.65,2022-11-22 10:13:39
0x6fc13eace26590b80cccab1ba5d51890577d83b2,0.00724659,2022-11-22 10:13:40
0x9813037ee2218799597d83d4a5b6f3b6778218d9,0.627466,2022-11-22 10:13:44
0x31c8eacbffdd875c74b94b077895bd78cf1e64a3,1.45,2022-11-22 10:13:39
0xc00e94cb662c3520282e6f5717214004a7f26888,37.19,2022-11-22 10:13:46
0xd5147bc8e386d91cc5dbe72099dac6c9b99276f5,4.01,2022-11-22 09:23:39
0x990f341946a3fdb507ae7e52d17851b87168017c,3.95,2022-11-22 10:13:36
0x35602c0fdb3af7ea9ebd697e0c3cc708956b8585,0.0,2022-11-22 10:14:11.760303
0x1160bd3bf941ccc47508824214aba91edda20861,0.0,2022-11-22 10:14:12.073731
0x4c7c70e1ea0030db91f65732f1145574f1bca913,0.0,2022-11-22 10:14:12.385962
0x29eb941de08912ac14287bde50e87e5bd90110de,0.0,2022-11-22 10:14:12.688408
0x769642565bbeaf3fee359921cef603bd48262e9b,0.0,2022-11-22 10:14:12.989643
0x056fd409e1d7a124bd7017459dfea2f387b6d5cd,1.002,2022-11-22 10:14:10
0x17819745f30a4fde16d163a9d1e5728eea0ac1c6,0.0,2022-11-22 10:14:14.131126
0xd9016a907dc0ecfa3ca425ab20b6b785b42f2373,0.00861613,2022-11-22 10:14:12
0xeb7d73d399cb21074d29fe862392c58a2864747c,0.0,2022-11-22 10:14:15.207116
0x327673ae6b33bd3d90f0096870059994f30dc8af,0.00087479,2022-11-22 10:14:12
0x54c137667c11c26d13c7bbb7fbfa8b7c50f181a4,0.0,2022-11-22 10:14:15.998124
0x3819f64f282bf135d62168c1e513280daf905e06,2.18e-06,2022-11-22 10:14:09
0x37fe0f067fa808ffbdd12891c0858532cfe7361d,0.02208157,2022-11-22 10:13:42
0x69ee902073d62f4dbb4f4c1ffb0008848b684192,0.0,2022-11-22 10:14:18.544303
0xd6f96a72458aef6d778f174d0b156bff357ed531,0.0,2022-11-22 10:14:20.315264
0xe738155113ceb625bb93a1c36d36e65b3b2c2a1d,0.0,2022-11-22 10:14:20.935564
0x320af4184fb672fb4c6a1090f756bc6d8960e3d6,0.0,2022-11-22 10:14:21.620709
0x6c77b12d5a815f414ce5f4f5bf867a1ca11ac09b,0.0,2022-11-22 10:14:22.292039
0xda75f3c4966f08db76e17291f66fa7adf8da39e1,0.0,2022-11-22 10:14:22.646213
0x450f2096914f5de133c25392722fab1193b3037a,0.0,2022-11-22 10:17:36.294144
0x4a78ad15b5325b053d6239f9da617311631cc5f3,0.0,2022-11-22 10:17:36.588358
0x73c65c58ca9299ba9c47dfcfc4129e4a90027ea1,0.0,2022-11-22 10:17:37.196884
0x6b67e881b9f773e0b8b3b28136fbbd3839d82e66,0.0,2022-11-22 10:17:37.519166
0x08f17d6dad5d5a17c2efcf4f535de922b9d6a723,0.0,2022-11-22 10:17:37.814642
0xa82beed0292e2c2f9dfe03ea9b8163e182efb678,0.0,2022-11-22 10:17:38.114825
0x81c252ed16165430b3a7282b355c0c93579aab22,0.0,2022-11-22 10:17:38.433937
0x95db04549f0e09592927953ac2b13f84a669bace,0.0,2022-11-22 10:17:39.049888
0x065a3085e70b3e3dc3e228175b9aff0e1200a72d,0.0,2022-11-22 10:17:39.347347
0x97fac96063028a5d9fc00303b0e8e076621a6cfb,0.0,2022-11-22 10:17:39.655798
0x5bb3c7b9c690712e3c55e6307f75c7d286b9c9be,0.0,2022-11-22 10:17:39.953745
0xe21c5b13d8d1b224a52a3ed663ef93c0f1a3f2b9,0.0,2022-11-22 10:17:40.251038
0x5f335bbb89f3e9d33c1f09ec969d102234cd327a,0.0,2022-11-22 10:17:40.542709
0x4394e4100515b42ab2cf74efa79a09010f265faa,0.0,2022-11-22 10:17:41.292421
0xee6b9cf11d968e0bac7bfff547577b8ae35b8065,0.01894491,2022-11-22 10:16:52
0x32353a6c91143bfd6c7d363b546e62a9a2489a20,0.236083,2022-11-22 10:17:33
0x59639e72b634ceaa7f1b594adfb3854825d348fc,0.0,2022-11-22 10:17:43.032475
0xe629a1032ba1f0534cb2748e1727c3e32dbada57,0.0,2022-11-22 10:17:43.372409
0xb97da1ce4975665f7cb214e107a50aca06f6c347,0.0,2022-11-22 10:17:44.232813
0x4dc3c11fce5303a3a139f178fd1e144e6f4d9454,0.0,2022-11-22 10:17:45.227130
0x4691937a7508860f876c9c0a2a617e7d9e945d4b,0.104958,2022-11-22 10:17:36
0xe429da5ec84dc8210915a9331d10da449d78725c,0.0,2022-11-22 10:17:46.276153
0x1382fcea8d58c5e6fe5181304c8866ac86d42701,0.0,2022-11-22 10:17:47.657108
0xc7283b66eb1eb5fb86327f08e1b5816b0720212b,0.193492,2022-11-22 10:17:40
0xddd6a0ecc3c6f6c102e5ea3d8af7b801d1a77ac8,0.055934,2022-11-22 10:17:02
0x3a880652f47bfaa771908c07dd8673a787daed3a,0.492127,2022-11-22 10:17:41
0xe356088b050d2e39b9c527d16e9b4d6a1a32adc2,0.0,2022-11-22 10:17:50.919590
0x2d51f2de624e454173b1be73627237204e9101a7,0.0,2022-11-22 10:17:51.208640
0xe16702d210e46dd37f63f353327955362b53fe61,0.0,2022-11-22 10:17:51.498252
0xd0660cd418a64a1d44e9214ad8e459324d8157f1,0.00571537,2022-11-22 10:17:24
0x858f30d3177d1fc1e06386290a73ef27d25a4faa,0.0,2022-11-22 10:17:52.084869
0x798d1be841a82a273720ce31c822c61a67a601c3,2546.01,2022-11-22 10:20:02
0x43f11c02439e2736800433b4594994bd43cd066d,0.0,2022-11-22 10:20:05.823893
0xe64b18ea9f6cef68888ce13274b94f34597d3286,0.0,2022-11-22 10:20:06.129948
0x165ac529598fbf6f18fbbc06ad1c8748c70aecea,0.0,2022-11-22 10:20:06.600597
0x837010619aeb2ae24141605afc8f66577f6fb2e7,0.071098,2022-01-09 17:28:18
0x6123b0049f904d730db3c36a31167d9d4121fa6b,0.168371,2022-11-22 10:20:04
0x721ff395a06efd0245b7cc82a0683e476725d327,0.0,2022-11-22 10:20:07.552827
0x61a1589c4cdf1e5e729b59bfb2f9fd83920c21f9,0.0,2022-11-22 10:20:07.824925
0x4a653445a1f812342b53dde972da248bdc9978c7,0.0,2022-11-22 10:22:22.742913
0x3155ba85d5f96b2d030a4966af206230e46849cb,0.842173,2022-11-22 10:22:17
0xebd9d99a3982d547c5bb4db7e3b1f9f14b67eb83,0.0513,2022-11-22 10:22:17
0x83e6f1e41cdd28eaceb20cb649155049fac3d5aa,0.324043,2022-11-22 10:22:16
0x8b3192f5eebd8579568a2ed41e6feb402f93f73f,0.0,2022-11-22 10:22:24.022703
0x27c70cd1946795b66be9d954418546998b546634,275.57,2022-11-22 10:22:19
0x1b40183efb4dd766f11bda7a7c3ad8982e998421,0.307696,2022-11-22 10:22:27
0xd794dd1cada4cf79c9eebaab8327a1b0507ef7d4,0.03055847,2022-11-22 10:22:09
0x03ab458634910aad20ef5f1c8ee96f1d6ac54919,2.84,2022-11-22 10:22:23
0x4c2e59d098df7b6cbae0848d66de2f8a4889b9c3,0.00535874,2022-11-22 10:22:17
0x383518188c0c6d7730d91b2c03a03c837814a899,45.52,2022-11-22 10:22:27
0x5b09a0371c1da44a8e24d36bf5deb1141a84d875,0.01728283,2022-11-22 10:22:19
0x4e15361fd6b4bb609fa63c81a2be19d873717870,0.168502,2022-11-22 10:22:23
0x6468e79a80c0eab0f9a2b574c8d5bc374af59414,0.03738297,2022-11-22 10:22:23
0xba100000625a3754423978a60c9317c58a424e3d,5.06,2022-11-22 10:22:21
0x62b9c7356a2dc64a1969e19c23e4f579f9810aa7,0.44952,2022-11-22 10:33:53
0x1ceb5cb57c4d4e2b2433641b95dd330a33185a44,71.42,2022-11-22 10:33:47
0xf293d23bf2cdc05411ca0eddd588eb1977e8dcd4,0.00202099,2022-11-22 10:33:51
0xcb84d72e61e383767c4dfeb2d8ff7f4fb89abc6e,1.071,2022-11-22 10:33:48
0xab2a7b5876d707e0126b3a75ef7781c77c8877ee,0.01876598,2022-11-22 09:51:53
0xd9d60b80a3f32f1332220079b9598a1b00f375a0,0.0,2022-11-22 10:33:59.979622
0x0f2d719407fdbeff09d87557abb7232601fd9f29,0.579066,2022-11-22 10:33:57
0x362bc847a3a9637d3af6624eec853618a43ed7d2,0.077287,2022-11-22 10:37:12
0x1c48f86ae57291f7686349f12601910bd8d470bb,1.0,2022-11-22 10:36:15
0xae7ab96520de3a18e5e111b5eaab095312d7fe84,1070.37,2022-11-22 10:36:54
0x33349b282065b0284d756f0577fb39c158f935e6,8.37,2022-11-22 10:37:02
0x76306f029f8f99effe509534037ba7030999e3cf,0.09613,2022-11-22 10:36:58
0x111111111117dc0aa78b770fa6a738034120c302,0.50658,2022-11-22 10:36:46
0xca6f5edb41ace6ea88e645fa80a114333cc032dc,0.0,2022-11-22 10:37:17.277271
0xd8bdb21686425dd40cbca9ec6e04384b1f5e4c09,0.0,2022-11-22 10:37:18.299447
0x39fbbabf11738317a448031930706cd3e612e1b9,0.357083,2022-11-22 10:36:55
0x59c716697f68ab5644b25a8165dda38702ae8703,0.0,2022-11-22 10:37:20.039582
0xcfc81bc2507467084f038e88eb6576b4e66f6add,0.0,2022-11-22 10:37:20.358595
0x967da4048cd07ab37855c090aaf366e4ce1b9f48,0.117437,2022-11-22 10:37:02
0x4e15863d76838ed1677d3d4f9fcfa7a4049119af,4.236e-05,2022-03-31 18:14:32
0x6e6c6b24371d2ee18fc39b4bc534b4344d2bbd61,0.00456331,2022-02-26 14:59:15
0x84db5245443ab601bc03b83731f9509baab89998,0.0,2022-11-22 10:37:22.741699
0x3b484b82567a09e2588a13d54d032153f0c0aee0,1.07787e-07,2022-11-22 10:37:16
0xe177f7fade6a96bf33b0c6b5a21cf6492cba16ab,0.0,2022-11-22 10:37:23.373016
0x48c276e8d03813224bb1e55f953adb6d02fd3e02,1.0618e-08,2022-11-22 10:37:05
0x7d1afa7b718fb893db30a3abc0cfc608aacfebb0,0.783719,2022-11-22 10:36:46
0x3301ee63fb29f863f2333bd4466acb46cd8323e6,8.6219e-08,2022-11-22 10:37:21
0xd291e7a03283640fdc51b121ac401383a46cc623,0.366383,2022-11-22 10:36:58
0x4a220e6096b25eadb88358cb44068a3248254675,101.57,2022-11-22 10:37:22
0x30bcd71b8d21fe830e493b30e90befba29de9114,0.00433674,2022-11-21 08:07:15
0xda9fdab21bc4a5811134a6e0ba6ca06624e67c07,0.03574593,2022-11-22 10:37:06
0x2bc4c9a279d0e1b2b2e1eb4f313cfe22a2e182d5,3.993e-05,2022-09-08 23:40:05
0xf4d2888d29d722226fafa5d9b24f9164c092421e,0.119495,2022-11-22 10:37:16
0xaeb423036c79a17de2875ee3dfb9d3d811ecd71c,0.0,2022-11-22 10:37:28.910068
0xb830de43ceb2171e0294026a0fd5d0a669098197,0.0,2022-11-22 10:37:29.212798
0xabe580e7ee158da464b51ee1a83ac0289622e6be,0.252906,2022-11-22 10:37:17
0x25f0500576c4b555c3ba70ceba92d40b3748f610,0.0,2022-11-22 10:37:29.799943
0x4d224452801aced8b2f0aebe155379bb5d594381,2.94,2022-11-22 10:37:10
0x7659ce147d0e714454073a5dd7003544234b6aa0,1.028,2022-11-22 10:38:12
0xcfcecfe2bd2fed07a9145222e8a7ad9cf1ccd22a,1.33,2022-11-22 10:38:30
0xb31ef9e52d94d4120eb44fe1ddfde5b4654a6515,0.00743444,2022-11-22 10:38:30
0xc5fb36dd2fb59d3b98deff88425a3f425ee469ed,0.06716,2022-11-22 10:38:27
0xce9bfabf95b7cb76cb6e048048f2947826c76897,0.0,2022-11-22 10:38:34.049693
0xdd5bdcc1fe9859bc0f625ec345143c082f973bc6,0.0,2022-11-22 10:38:34.336617
0x9b7a5af8f29c620d04aa0612cdb4e277e69c6f59,0.0,2022-11-22 10:38:35.104924
0xa3bed4e1c75d00fa6f4e5e6922db7261b5e9acd2,0.03413676,2022-11-22 10:38:23
0xc0ba369c8db6eb3924965e5c4fd0b4c1b91e305f,0.0191425,2022-11-22 10:37:53
0x6a05a3c6d7b665283dd0a6096b7b5797f50a2799,0.0,2022-11-22 10:38:36.178645
0x8a6d4c8735371ebaf8874fbd518b56edd66024eb,0.00164868,2022-11-22 10:38:21
0xc944e90c64b2c07662a292be6244bdf05cda44a7,0.052239,2022-11-22 10:37:34
0xc2544a32872a91f4a553b404c6950e89de901fdb,1.062,2022-11-22 10:38:32
0xc0d4ceb216b3ba9c3701b291766fdcba977cec3a,23.6,2022-11-22 10:38:14
0x64aa3364f17a4d01c6f1751fd97c2bd3d7e7f1d5,8.08,2022-11-22 10:40:36
0x5ca135cb8527d76e932f34b5145575f9d8cbe08e,1.062,2022-11-22 10:39:51
0xaac1abdb4fb7a91a0e2e036dfacc45f708ed6a39,0.0,2022-11-22 10:40:48.070206
0x1e171967a07873d89ac767026a2d781b72572006,0.0,2022-11-22 10:40:48.803300
0x0b38210ea11411557c13457d4da7dc6ea731b88a,1.34,2022-11-22 10:40:37
0xef7cf19404f07de88ae7986d2dfbdec39d9be6b8,0.0,2022-11-22 10:40:49.835874
0x4debb94ffa5dd9a2cdc033e02d5676d1a34a199b,0.0,2022-11-22 10:40:50.477548
0x1d74a8c50ed81cff89039c4b0a9b6a5636b6909c,0.0,2022-11-22 10:40:50.780500
0xc32aa9393907b262208ea63558747110a6dea9fa,0.0,2022-11-22 10:40:51.640973
0xa01953de31bd90aba95d2dc9390419b8f01b408a,0.0,2022-11-22 10:40:51.947142
0x4ba32f87506a7c32945fc5f107e7439afd289916,0.0,2022-11-22 10:40:52.243801
0x09a3ecafa817268f77be1283176b946c4ff2e608,0.121319,2022-11-22 10:40:41
0x0776e34d0777b58f0a284cacea7a8f8bc5d5bd69,0.0,2022-11-22 10:40:53.488404
0xf9122fbed9b2b68c9437dbf706761f379903bea5,0.0,2022-11-22 10:40:54.099137
0x48a6771f01f126707b42e2c8270bc265f910985e,0.0,2022-11-22 10:40:56.093900
0x66f956cc2385df6477172a743169d18609b218b2,0.0,2022-11-22 10:40:56.385852
0x765c2715df9c003b45c703c7982b1633cf98ba9f,0.0,2022-11-22 10:40:57.251080
0xf2e7dd84cc60c49815032d155804bba940c65813,0.0,2022-11-22 10:40:59.130104
0x4b7f1d1380c1c5879e789bdc28399784fafe2a76,0.0,2022-11-22 10:41:00.178539
0xcf26a0bd42439c282da8a499a927989e217881c3,0.0,2022-11-22 10:41:00.512058
0xc719d010b63e5bbf2c0551872cd5316ed26acd83,0.00903791,2022-11-22 10:40:50
0x009a8670e74e1dda3e449e93a9308e5977949967,0.0,2022-11-22 10:41:05.204647
0x470ebf5f030ed85fc1ed4c2d36b9dd02e77cf1b7,0.969464,2022-11-21 23:03:23
0x5350eadf3d1e7c78a62d913c65a7098e6173d6d7,0.0,2022-11-22 10:41:07.515210
0x5e7cdbe846e7533613ac0953a0b1e527b5ee3084,0.0,2022-11-22 10:41:07.812055
0x7dc151447b67136e430adcee185b9fd9bb0a1e12,0.0,2022-11-22 10:41:08.117136
0xa54ffd4b92d6ffdc737c3dfce6bf6ef1dcca56f9,0.0,2022-11-22 10:41:11.757135
0x8e870d67f660d95d5be530380d0ec0bd388289e1,1.002,2022-11-22 10:41:06
0x6583e3cd9e1e330d6060358d0637fc390d1ec1c8,0.0,2022-11-22 10:41:12.371171
0xfad2152c5ca3029d43c9662ab9d6b6a9785a5b9d,0.0,2022-11-22 10:41:12.800240
0x21056809721be9ebfb897515f46c61d9d8ed4f6d,0.0,2022-11-22 10:41:13.089483
0x9e976f211daea0d652912ab99b0dc21a7fd728e4,0.0073119,2022-11-22 10:40:49
0x66f8d711bd3fbffc12f63756b3bb3d6d09c3587a,0.0,2022-11-22 10:41:15.669688
0x8ed2fc1d55562a2a6c23c04ecc1ac57f2be6cc1c,0.0,2022-11-22 10:41:15.986058
0x339b3e78031fb2e60b8f229a9364b960da8e770e,0.0,2022-11-22 10:41:20.765205
0xfb9880caa5faa9fa843fe1563f1402a547bc4bd5,0.0,2022-11-22 10:42:26.603611
0xe99bdb2708a367a82925c0a549a07bf328380558,0.0,2022-11-22 10:42:27.168737
0xe0a189c975e4928222978a74517442239a0b86ff,0.00447123,2022-11-22 10:41:21
0xe57425f1598f9b0d6219706b77f4b3da573a3695,8.2689e-08,2022-09-28 01:30:04
0x2e13c53e2fa6836a049edf4aab3dc021fb3e0a19,0.0,2022-11-22 10:42:28.091555
0xdfc34b500a1bb6af8e738f2db77d658b3d0d76fb,0.0,2022-11-22 10:42:28.851181
0x3449fc1cd036255ba1eb19d65ff4ba2b8903a69a,0.00417554,2022-11-22 10:41:06
0x6468084dcd8250185b67d0bda68350a989dc35f8,0.0,2022-11-22 10:42:29.462600
0x4d399dd8fbe62c8a9fd0a572e83ffbc5b526d149,0.0,2022-11-22 10:42:30.108867
0xd81df51797adcecba7fc307a4acecfeb49bc5eda,0.0,2022-11-22 10:48:34.115659
0x36c2514a3dd4f8d7280e7af446140606b858efb7,0.0,2022-11-22 10:48:34.419831
0xaf5191b0de278c7286d6c7cc6ab6bb8a73ba2cd6,0.424428,2022-11-22 10:48:08
0x7271caecd030b4b17549216254a837d5ccb74465,0.0,2022-11-22 10:48:35.685653
0x9321c7683f5d0d6686a763d3c8ac75f9f9d5e5cb,0.0,2022-11-22 10:48:36.406264
0x1909b2c2299b1a1ad80a763edc64ac177e30153f,0.0,2022-11-22 10:48:36.731561
0xb0c7a3ba49c7a6eaba6cd4a96c55a1391070ac9a,0.233714,2022-11-22 10:48:32
0xda007777d86ac6d989cc9f79a73261b3fc5e0da0,0.00053094,2022-11-22 10:37:03
0x3ebb4a4e91ad83be51f8d596533818b246f4bee1,0.01535656,2022-11-22 09:57:59
0x429881672b9ae42b8eba0e26cd9c73711b891ca5,0.918359,2022-11-22 10:48:35
0x31c2415c946928e9fd1af83cdfa38d3edbd4326f,0.00236066,2022-11-22 10:48:22
0x34bf4996cc2e4d206910946c7d07f7a3c4ad31a8,0.0,2022-11-22 10:48:41.827097
0x94733005c993554099876a0855b192fbbd3d4670,0.0,2022-11-22 10:48:42.522607
0x6e0c04c4e3ff0b4b873c66e72c32c278c232f557,0.0,2022-11-22 10:48:43.134002
0xb36329cc547796ddb55c46ef2ee9a3ef605e1864,0.0,2022-11-22 10:48:43.397371
0x818510d1979368d51bd32c3470c762176d433d85,0.0,2022-11-22 10:48:43.710062
0xcf19c76d4848c5e26ab438d8a2ff94316944f0b8,0.0,2022-11-22 10:48:44.063745
0xb86fac6223d35188ac88d4dae69112e39a5e52d8,0.0,2022-11-22 10:48:44.838332
0x2ea2d1586cc5e62d61f399d83b2803c8f4cd83af,0.0,2022-11-22 10:48:45.153746
0x293dee03523f576d85230b8bac1c8041f8a385a2,0.0,2022-11-22 10:48:45.477387
0x761d38e5ddf6ccf6cf7c55759d5210750b5d60f3,2.58454e-07,2022-11-22 10:48:34
0x942cb014baeb7c8b6c3d6c29d734bd3ed82d13b9,0.0,2022-11-22 10:48:46.445252
0x44bb2a074c58e160fc86efc395b6dfd3592e7620,0.0,2022-11-22 10:48:47.053357
0x5e02593cce9aa8675dac263dab76ed7e94a3a831,0.0,2022-11-22 10:48:48.176042
0xbcd74757b7ab90d5357c376cab3d76ee6efcd391,0.0,2022-11-22 10:48:48.822838
0x5ce275085324431a4ba2ec45811e94352e98dc63,0.0,2022-11-22 10:48:49.784224
0x736532464329e6b469fe7315d1803f7ac104c56c,0.0,2022-11-22 10:48:50.752016
0x91098b79cb824757a544253109aaf1607ecdc647,0.0,2022-11-22 10:48:51.205489
0x849630d9647c1fb78580a6320e053f308c6f09c1,0.0,2022-11-22 10:48:51.510774
0x118b189758362772ff70a24965bef72d0bb4952b,0.0,2022-11-22 10:48:51.820892
0xc1d7bdf69c085eb4dd98a6a1142f80d66693c480,0.0,2022-11-22 10:48:53.052428
0xa610f8843882fe4f1a235fdda4281d8fe379ea03,0.0,2022-11-22 10:49:54.333124
0x2a254becb84ad2504d2c818d4e41bd1e4c7a4101,0.0,2022-11-22 10:49:54.622092
0xa2ddff59c5ab639df6cb2de88de61faccbbf8ebf,0.0,2022-11-22 10:49:54.893236
0x1279df8b9df9242feb69ea06a1786b974f34931c,0.0,2022-11-22 10:49:55.778017
0xf9a241a74c0fb26391e5e9698e188ce7c6dd916c,0.0,2022-11-22 10:49:56.046318
0x1cc29ee9dd8d9ed4148f6600ba5ec84d7ee85d12,0.0,2022-11-22 10:49:56.316797
0x2648aac76c66b16557352f69553cdf37ba80d056,0.0,2022-11-22 10:49:56.578393
0x71f025713ed23b4cd1763c2f1f6e40eb14bcd19e,0.0,2022-11-22 10:49:56.932849
0x0913ddae242839f8995c0375493f9a1a3bddc977,0.00680562,2022-11-22 10:49:47
0xb7be3d875690ee38d7197afe0e8083e2ef33761d,0.0,2022-11-22 10:49:57.473614
0x1a7c76cc9ed711066c17e0b497aabcb084cd5b3e,0.0,2022-11-22 10:49:57.728398
0x26755e612335b5c52eb80703a1abdf10a4fc069f,0.0,2022-11-22 10:49:57.982710
0x9a90cdb023850fef3d9cda818c38fd149fd07a6e,0.0,2022-11-22 10:49:58.483966
0x4f490e1c4847d6013cc81504ba61778b1366be26,0.0,2022-11-22 10:49:58.750865
0xa64ca89e50dc15361ac27ac747b091e72dc16b38,0.0,2022-11-22 10:49:59.332074
0xd2cff0bb0baf3e08152ef1d920d6f1f97703e89e,0.0,2022-11-22 10:49:59.631217
0x6e44c5bfb808363508c3f932bb601b6e83a9a2a9,0.0,2022-11-22 10:49:59.903568
0x11973f75bad863eb5389d9f209cf9d528c797f0d,0.0,2022-11-22 10:50:00.187247
0x1ee6c4dfc40ba87884e5d5b6f2c4f880fc8ee782,0.0,2022-11-22 10:54:06.932942
0xb28f5c5eaf2e30ec83e1151fe34e360d0a6da6b7,0.0,2022-11-22 10:54:07.214357
0x873650142aae322253db34d7066b488ff7ef7dfd,0.0,2022-11-22 10:54:07.504142
0xa331274fbea9853c4d9e1a58ac5f42235c3e32f4,0.0,2022-11-22 10:54:07.781184
0x0b8b2a7e3d2b26affde4d241f1a2cce245674822,0.0,2022-11-22 10:54:08.054541
0x4cb1078f2cb37861129133c38b26018a7eb8cc4c,0.0,2022-11-22 10:54:08.311612
0x20296637bb053b3cf528bab1f938ed442a9777c2,0.0,2022-11-22 10:54:08.588150
0x5ec8d21518d305f2a3d871866288bd6e885e81d8,0.0,2022-11-22 10:54:09.100505
0xa89859f3e0bbbd3fb05cc89983a4c1f15b61c423,0.0,2022-11-22 10:54:09.746164
0x0000000000085d4780b73119b644ae5ecd22b376,1.004,2022-11-22 10:54:08
0x360399eaad29ccaca1c34272c26bb9e4859c61b7,0.0,2022-11-22 10:54:10.638235
0x88a811397be7d64653d0cb320f5094fc64963c31,0.0,2022-11-22 10:54:10.920935
0x4aa41bc1649c9c3177ed16caaa11482295fc7441,0.02825096,2022-11-22 10:53:41
0x7b3860415d1fb670fe8693213c17fc9499b3c0ea,0.0,2022-11-22 10:54:11.925622
0xad809b54dc0997c5196b964e180e9bc3fb552ae4,0.0,2022-11-22 10:54:12.203045
0x53d34b05412c69b1e83a7e55dd615a9f81bce418,0.0,2022-11-22 10:54:12.488226
0x3413d4ffa3736ece8d2cc704a69278cd3ca68d15,0.0,2022-11-22 10:54:12.806348
0x15d4c048f83bd7e37d49ea4c83a07267ec4203da,0.02436137,2022-11-22 10:54:04
0xb2585cfe5b9b151441c38e407c10a5d41ba5905b,0.0,2022-11-22 10:54:13.361720
0xb3d8d8d659d4dc89699826d46585ac6cb3bea05a,0.0,2022-11-22 10:54:13.640342
0xd339924dc73c9106e94d3d0370009c9b243bd642,0.0,2022-11-22 10:54:13.937137
0x8a743eb80bfc3bf2a5582213aea8b27d2188074a,0.0,2022-11-22 10:54:14.211151
0xa693b19d2931d498c5b318df961919bb4aee87a5,0.0198783,2022-11-22 10:54:02
0xb38c24a43bec877cacdf0527668cc60508eb8455,0.0,2022-11-22 10:54:14.791334
0x8a594421361abd481ca4ab08bfeef8c68b9fa9fb,0.0,2022-11-22 10:54:15.650627
0xf5f34818c84c37ebf5d361bb9a41612c52a685f4,0.0,2022-11-22 10:54:15.924770
0x6c22a9de265d4a22a46e02c385b5346cf5538429,0.0,2022-11-22 10:54:16.217188
0x371d00d9298f75c5f065208c4b69bf4673c33a31,0.0,2022-11-22 10:54:16.531141
0xf1fbfdf5b13aa626f7c9cc496eacfe1c92b55c9e,0.0,2022-11-22 10:54:16.909916
0x903bef1736cddf2a537176cf3c64579c3867a881,4.91,2022-11-22 10:55:15
0xfdc4a3fc36df16a78edcaf1b837d3acaaedb2cb4,0.050626,2022-11-18 19:16:43
0xd23ac27148af6a2f339bd82d0e3cff380b5093de,0.03383305,2022-11-22 10:54:52
0x2ba592f78db6436527729929aaf6c908497cb200,10.12,2022-11-22 10:55:05
0x78f95c29a87be736b94a923e748ba6d087c15bcf,0.0,2022-11-22 10:55:20.149828
0xefa7f7a91f90df9c29c0ec943fc6595797ac0c96,0.0,2022-11-22 10:55:21.260184
0x10b579d7a5ac54a118c8c14d6ce43dc4eb815e3e,0.0,2022-11-22 10:55:21.589740
0x7ef790d9bccc87989be0fdb88ffb955bec3d5e92,0.0,2022-11-22 10:55:21.915648
0x110800fd48bd351622fb43e21137dc0996e72f27,0.0,2022-11-22 10:55:22.217211
0x2ef52ed7de8c5ce03a4ef0efbe9b7450f2d7edc9,0.00051129,2022-11-22 10:54:42
0xfa5047c9c78b8877af97bdcb85db743fd7313d4a,15.13,2022-11-22 10:55:17
0xade00c28244d5ce17d72e40330b1c318cd12b7c3,0.11941,2022-11-22 10:54:47
0x78a3b2f1e7eec1073088ea4a193618743f81cef8,0.0,2022-11-22 10:55:24.218601
0xb620be8a1949aa9532e6a3510132864ef9bc3f82,0.00066793,2022-11-22 10:51:46
0x8564653879a18c560e7c0ea0e084c516c62f5653,0.00230313,2022-11-22 10:55:16
0x0ae055097c6d159879521c384f1d2123d1f195e6,0.956087,2022-11-22 10:54:43
0x523bda548bc08cb432335422c7634fe1db4d4eff,0.0,2022-11-22 10:55:25.977505
0x0000000000095413afc295d19edeb1ad7b71c952,0.582134,2022-11-22 10:55:19
0x54a01cc8cce5efaf59c2d02387a461446cc961e1,0.0,2022-11-22 10:55:27.114281
0x5e74c9036fb86bd7ecdcb084a0673efc32ea31cb,1093.48,2022-11-22 10:54:44
0x6226caa1857afbc6dfb6ca66071eb241228031a1,5.905e-05,2022-11-15 10:26:08
0x93ed3fbe21207ec2e8f2d3c3de6e058cb73bc04d,0.01875117,2022-11-22 10:55:24
0x16eccfdbb4ee1a85a33f3a9b21175cd7ae753db4,1.58,2022-11-22 10:55:20
0x0ec8a1e2a8479c8c7a0809559cf74673960de4fb,0.0,2022-11-22 10:55:28.675715
0xf65b5c5104c4fafd4b709d9d60a185eae063276c,0.082308,2022-11-22 10:55:15
0x34901b641ac50e2f327232d0d560c0e81ae9b76f,0.0,2022-11-22 10:55:29.437095
0xbd31ea8212119f94a611fa969881cba3ea06fa3d,0.00015083,2022-11-22 10:55:14
0x419d0d8bdd9af5e606ae2232ed285aff190e711b,0.00611366,2022-11-22 10:55:14
0x8a854288a5976036a725879164ca3e91d30c6a1b,0.717011,2022-11-22 10:55:29
0xe76c6c83af64e4c60245d8c7de953df673a7a33d,0.308026,2022-11-22 10:55:20
0x9be89d2a4cd102d8fecc6bf9da793be995c22541,17676.04,2022-11-22 10:55:25
0xb5d69fca10a8d62bdaa368b3824cff16097256ea,0.0,2022-11-22 10:57:41.680691
0x991658149d63d02702fae71d3f4b2e07e66c7692,0.0,2022-11-22 10:57:41.937457
0x7cb4726a58e431482b7484c4b5aecb99594e8fef,0.0,2022-11-22 10:57:42.245573
0x04f9a9450f0d991571bc16af6a71197c4b0edb9d,0.0,2022-11-22 10:57:42.500621
0xe9b1f75f9c7ba8df4e83603b3396a64549b714e6,0.0,2022-11-22 10:57:42.973735
0xf1ca9cb74685755965c7458528a36934df52a3ef,0.211363,2022-11-22 10:57:41
0xfea52843aa304c63fc50b4550574667c53e9e58e,0.0,2022-11-22 10:57:44.050953
0x607f4c5bb672230e8672085532f7e901544a7375,1.17,2022-11-22 10:57:34
0xdb25f211ab05b1c97d595516f45794528a807ad8,1.022,2022-11-22 10:57:37
0x0698dda3c390ff92722f9eed766d8b1727621df9,0.0,2022-11-22 10:57:45.033065
0xe80c0cd204d654cebe8dd64a4857cab6be8345a3,0.00040895,2022-11-22 10:57:41
0x573df5109ed46c4257ff4231f2c4d2610ab89f5c,0.0,2022-11-22 10:57:45.764630
0x18046c9e7357d79c9fbc31afeea6b81dd6f3df61,0.0,2022-11-22 10:57:46.028138
0x812d9fe7a52a2efda38f1194edebc603d6a4b6a5,0.0,2022-11-22 10:57:46.295912
0x310e2d5d0e624e54af14ccfc8022143ee0234fb1,0.0,2022-11-22 10:57:46.564853
0x665fa721f7ea503c26add107da7d2e72606be0d9,0.0,2022-11-22 10:57:46.844836
0x34b2fa276123b81b690b857263a129ca840fe9e8,0.0,2022-11-22 10:57:47.108511
0x992f5df0bcb401aeabfd32fb58556c48c377c8d3,0.0,2022-11-22 10:57:47.378920
0x82a5aa784c106ab11e711c8b627e06de02c18da3,0.0,2022-11-22 10:57:47.646045
0xa72035b56eb159be540a6f102169620d99424871,0.0,2022-11-22 10:57:47.898790
0x3d7e8e3d920fc287c2768835e1a9a012551e53ab,0.0,2022-11-22 10:57:48.180141
0xda61f461b0061ba610e869466f33d44b67d0d442,0.0,2022-11-22 10:57:48.456018
0x5edfb724aa3d5e16a61975046fb4f09693fd6b50,0.0,2022-11-22 10:57:48.728126
0x077837db4bdbc5ffd23874099f18f3fef11ac56e,0.0,2022-11-22 10:57:49.006931
0xca496be2088880ab9467e81e0e5f1f82a09e5cf7,0.0,2022-11-22 10:57:49.630169
0x16395963a3bfb1582a555ae4dc6c3fda4c1cb35b,0.0,2022-11-22 10:57:49.900927
0x4616bbc4a9b34f6c3d205de70487315d026e09ed,0.0,2022-11-22 10:59:05.295440
0xdb6aae922b382862ec29cf4601b63b653bba1678,0.0,2022-11-22 10:59:05.609036
0x53c3df62d82ce4c2fbfc9620df45ee7d661d4716,0.0,2022-11-22 10:59:07.097244
0xca64ccb1e0ff3dd46a9f308923574cb7b12f17cc,0.0,2022-11-22 10:59:07.398452
0x5ad0228f2938a266ff15b6957014573fbbc9ec1e,0.0,2022-11-22 10:59:07.721700
0xa010e37405eb57437a381daae88e5c3913d0796c,0.0,2022-11-22 10:59:08.699741
0x407ffc49c12befb764b34cfa3bfc3691fe91b899,0.0,2022-11-22 10:59:09.322079
0xf86e87bd97c8c088928c10a054db842b16a382b7,0.0,2022-11-22 10:59:09.623606
0x6e05a9b52bef5f84f973b741fc604dbe2d91048f,0.0,2022-11-22 10:59:10.770195
0xe300590bbc0328789de9792a3b435bf85938eddf,0.0,2022-11-22 10:59:11.967370
0xfa3ef8f2b5463dc6064c99c378ae6aeba44f1e71,0.0,2022-11-22 10:59:12.279291
0x8f68db8679c3c59a2a9a394f97213c2adaa35233,0.0,2022-11-22 10:59:12.586555
0xc7ba0957d07209aedf9816e5ea3316286d6d2c93,0.0,2022-11-22 10:59:12.908765
0xf9cfc912707e183cabc45775c4d0da6dc7a828f5,0.0,2022-11-22 10:59:13.348091
0x043e720812e119eac1c530eb45176d58abf4d2e1,0.0,2022-11-22 10:59:13.663364
0xf6ec87dfe1ed3a7256cc0c38e3c8139103e9af3b,0.00393001,2022-11-22 10:56:29
0x9e32b13ce7f2e80a01932b42553652e053d6ed8e,17.29,2022-11-22 10:59:05
0x9da30d452b12c55c2e8978530198aecc6d63dc68,0.0,2022-11-22 10:59:14.730170
0x71231c20872ce06e4b1a46ccaf823b89ec741c05,0.0,2022-11-22 10:59:15.037748
0x0745a5b528fe79d471b38fd6550be06fb37bfbbc,0.0,2022-11-22 10:59:16.277839
0x5ea5b125399b5e59887b67724bc3b2d03c129be6,0.0,2022-11-22 10:59:16.607130
0xd57e7828259a37fd0b332e91575e45005d54c145,0.0,2022-11-22 10:59:17.044791
0xf70328d6adc2c3b95c056c2b3d88e02205ea4750,0.0,2022-11-22 10:59:17.351734
0xa3a742c62611a913b389b705984bea08f78357b0,0.0,2022-11-22 10:59:19.038166
0x213035d59907c40e1da7e38b16690c919c95b918,0.0,2022-11-22 11:00:21.192884
0xb3ca195613cc9b39de0aea95e9b32ba64192eea3,0.0,2022-11-22 11:00:21.460856
0x17178f03bba087601fc16dea05a4452a3b2eff11,0.0,2022-11-22 11:00:21.731131
0x9e5f3f92b728cfc4a9d7c1cc12d0a75678af54cd,0.0,2022-11-22 11:00:22.007680
0x09a420120aafab5438bd56c1790f6fc95b0760be,0.0,2022-11-22 11:00:22.281589
0x0571fa5dfe71964d20c9dac14b7d6ab01735e95f,0.0,2022-11-22 11:00:22.557097
0xaaaebe6fe48e54f431b0c390cfaf0b017d09d42d,0.440807,2022-11-22 10:59:57
0x41a608d50dd254cf3204506f8b30f52afa9df767,0.0,2022-11-22 11:02:41.617230
0x6d06aa1e471de7d7b4d7810d1ef57fba6c35d898,0.0,2022-11-22 11:02:42.489809
0xc4670bd1b3223e236b481683ddbcbf1234a85a4d,0.0,2022-11-22 11:02:42.801217
0x07a45346d665a4f6a5930af81adefac3157b933c,0.0,2022-11-22 11:02:43.767357
0x4206931337dc273a630d328da6441786bfad668f,0.0,2022-11-22 11:02:44.483045
0x402c250230ce96156a9c335223a52c6a76771215,0.0,2022-11-22 11:02:44.811670
0x383b0b2ce2e1757b5e1d087d8f36013ea595541a,1.42787e-07,2022-11-22 11:01:47
0x9d409a0a012cfba9b15f6d4b36ac57a46966ab9a,0.920675,2022-11-22 11:01:44
0xa32a2a1c1ba1da9913583dff3ea361074123eca5,0.0,2022-11-22 11:02:46.987688
0x20ef0a6c881dbf96800b48a1bab808ff1abf957d,0.0,2022-11-22 11:02:47.295606
0x466e133f25f3ab832480a3167d2061ada56eddd0,0.0,2022-11-22 11:02:47.613963
0x3dd98c8a089dbcff7e8fc8d4f532bd493501ab7f,0.01926606,2022-11-22 11:02:27
0x371709ae8413ce755dc7ec5aec061700509c5a9e,0.0,2022-11-22 11:02:48.812697
0x62cad8cd85d41420cbd01d9339786d67df463f61,0.0,2022-11-22 11:02:49.160859
0x27d440fd6d8f7a5848bb73e9df40fa836b3a8a19,0.0,2022-11-22 11:02:49.479130
0x5dbbe7e8a18e79e201e32573d560c7c463a0b7ed,0.0,2022-11-22 11:02:49.788310
0xef075bbfd0361cc2fbf41a8bc4a14e21ad45551c,0.0,2022-11-22 11:02:50.588361
0x7dd880e06897e3d735e840dc5948cd0abde75dc8,0.0,2022-11-22 11:02:50.903063
0x7148a6467ec9b59a4a1e0e0cbcd24c847a4ddbe6,0.0,2022-11-22 11:02:51.234726
0xe53ec727dbdeb9e2d5456c3be40cff031ab40a55,0.086668,2022-11-22 11:02:45
0x6cbdb562315818766a1064be01fbacfe0581a14e,0.0,2022-11-22 11:02:52.538334
0x8f693ca8d21b157107184d29d398a8d082b38b76,0.02429645,2022-11-22 11:02:27
0x4fabb145d64652a948d72533023f6e7a623c7c53,1.003,2022-11-22 11:01:59
0xf0dcf53a48b6ae4b966dc6142368a7ff97f817f1,0.0,2022-11-22 11:02:54.108726
0x92d6c1e31e14520e676a687f0a93788b716beff5,1.73,2022-11-22 11:02:52
0x3e9bc21c9b189c09df3ef1b824798658d5011937,0.0054674,2022-11-22 11:04:49
0x626e8036deb333b408be468f951bdb42433cbf18,0.03582096,2022-11-22 11:05:03
0x767fe9edc9e0df98e07454847909b5e959d7ca0e,38.19,2022-11-22 11:04:47
0x744d70fdbe2ba4cf95131626614a1763df805b9e,0.02119476,2022-11-22 11:05:04
0xba5bde662c17e2adff1075610382b9b691296350,0.106203,2022-11-22 11:04:54
0x09b026f1b3ffdde67717cf68b5a4d51b8d60a3c4,0.0,2022-11-22 11:05:07.303447
0x87efe7efe26c52508e0ea795ddd9fafd58b618fe,0.0,2022-11-22 11:05:07.590103
0xacb192f74c94fb86ece5fd6d34b42033f3ccce9a,0.0,2022-11-22 11:06:12.226525
0x04fa0d235c4abf4bcf4787af4cf447de572ef828,1.53,2022-11-22 11:06:02
0xdd847d53964cf603d8f7b3cb22b781abd27179ca,0.0,2022-11-22 11:06:12.878481
0xcf97f7ba29dc39dd47b5af86fd0f3d7995765e31,0.0,2022-11-22 11:06:13.893021
0x452c5367284f94ddc3683d544318f5a64ce76eac,0.0,2022-11-22 11:06:14.625330
0xa61dc67221cc6e87984f0b42f6fc9178467af0b1,0.0,2022-11-22 11:06:14.935467
0xb56e108a689eefd1286cf80fa5d6abb5f5953ec5,0.0,2022-11-22 11:06:15.449619
0x2fb49c0b8cbe813665a33781fe5238f0a3f4c1d1,0.0,2022-11-22 11:06:15.766974
0x341681095d0519773f0263f490753342c980693b,0.0,2022-11-22 11:06:16.632941
0x136578f43920aee6f4a375743e16c8598346c770,0.0,2022-11-22 11:06:16.943649
0x16f385ba21ab9ce2557a6707eae76b2575964e21,0.0,2022-11-22 11:06:18.040740
0x1c5db575e2ff833e46a2e9864c22f4b22e0b37c2,36.49,2022-11-22 11:06:10
0xd0af2f8f1ece2599e9a03b5e7b432f0db9fd65d0,0.0,2022-11-22 11:06:19.775629
0x178c820f862b14f316509ec36b13123da19a6054,0.0,2022-11-22 11:06:20.463476
0x62474216ecb8ced5f63427bc88298fd6932f90e4,0.0,2022-11-22 11:06:20.766176
0xcb5d0bbb976037c9a25b8e563ba03f9735e4234c,0.0,2022-11-22 11:06:21.490640
0x4666cb3e3c082ebba3d6ad79b2673d7115971a89,0.0,2022-11-22 11:06:22.119791
0x6a8517e81a44b81f634a68560400ce66eef9ea58,0.0,2022-11-22 11:06:23.546946
0x4bd329965cfd90c2f0179a21fe0f1560bd66bd99,0.0,2022-11-22 11:06:25.013603
0x4b296eea06e5ac55dcde264d6f7f34de13a600b2,0.0,2022-11-22 11:06:25.319493
0x45d1bc3e7680acb3736cf8a528ae79bd00414dbf,0.0,2022-11-22 11:06:25.616069
0x549e056860b1edcb33458cc9759cc18a97dd8864,0.0,2022-11-22 11:06:25.922261
0x209e68b31c10a0485c8b736d72d69a7c8a8ca2af,0.0,2022-11-22 11:06:26.454032
0x0bb167ac565f3df264bd3782095168f72a350c9a,0.0,2022-11-22 11:06:26.834587
0x6b91159babbf06a334d12dbd0559eeeb7f289390,0.0,2022-11-22 11:06:27.135179
0xa7c41ce915ef942f0e94d23006ae493c2808ebaa,0.0,2022-11-22 11:06:27.457965
0xfc950681d605fd3ddd0a11c9a92d88e9281e90ce,0.0,2022-11-22 11:07:34.855083
0xf114fe1e0fcf562fe4c92fe08b80fa60d3d7cd7b,0.0,2022-11-22 11:07:35.810542
0xdf69ccc8e334df9514b79e6a69a645e598ef2454,0.0,2022-11-22 11:07:36.096421
0x6ec2141d8255bc9ef64dff032221ae15a8dadef2,0.0,2022-11-22 11:07:36.396009
0xd2877702675e6ceb975b4a1dff9fb7baf4c91ea9,0.0001463,2022-11-22 11:07:22
0x0258f474786ddfd37abce6df6bbb1dd5dfc4434a,0.823091,2022-11-22 11:07:30
0x70e8de73ce538da2beed35d14187f6959a8eca96,0.728868,2022-11-22 11:06:42
0x38a94e92a19e970c144ded0b2dd47278ca11cc1f,0.00137176,2022-11-22 11:07:21
0x65ef703f5594d2573eb71aaf55bc0cb548492df4,3.19,2022-11-22 11:07:21
0x6de037ef9ad2725eb40118bb1702ebb27e4aeb24,0.413968,2022-11-22 11:07:33
0x6bba316c48b49bd1eac44573c5c871ff02958469,1.58e-06,2022-11-22 11:07:25
0xa0246c9032bc3a600820415ae600c6388619a14d,27.63,2022-11-22 11:07:22
0xd5d86fc8d5c0ea1ac1ac5dfab6e529c9967a45e9,0.00587489,2022-11-22 11:07:33
0x1776e1f26f98b1a5df9cd347953a26dd3cb46671,10.22,2022-11-22 11:07:33
0xf0f9d895aca5c8678f706fb8216fa22957685a13,5.08e-06,2022-11-22 11:07:36
0x000000007a58f5f58e697e51ab0357bc9e260a04,5.31,2022-11-22 11:04:44
0x71018cc3d0ccdc7e10c48550554ce4d4e3afd9c1,0.0,2022-11-22 11:07:41.717544
0x4e4a47cac6a28a62dcc20990ed2cda9bc659469f,1.1106e-08,2022-11-22 11:07:35
0xa2881f7f441267042f9778ffa0d4f834693426be,0.01775045,2022-11-22 11:07:38
0x430ef9263e76dae63c84292c3409d61c598e9682,2.64,2022-11-22 11:07:38
0x08d967bb0134f2d07f7cfb6e246680c53927dd30,0.114219,2022-11-22 11:06:39
0x1a76bffd6d1fc1660e1d0e0552fde51ddbb120cf,0.0,2022-11-22 11:07:43.247278
0xf21661d0d1d76d3ecb8e1b9f1c923dbfffae4097,0.02176731,2022-11-22 11:07:15
0x7ae0d42f23c33338de15bfa89c7405c068d9dc0a,0.00262779,2022-11-22 11:07:34
0x1bbf25e71ec48b84d773809b4ba55b6f4be946fb,0.778319,2022-11-22 11:07:41
0xfca59cd816ab1ead66534d82bc21e7515ce441cf,2.19,2022-11-22 11:07:33
0xf3b9569f82b18aef890de263b84189bd33ebe452,3.9545e-08,2022-11-22 11:07:36
0x7d5121505149065b562c789a0145ed750e6e8cdd,0.00673304,2022-11-22 11:07:33
0xd528cf2e081f72908e086f8800977df826b5a483,0.00063843,2022-11-22 11:07:34
0xeca82185adce47f39c684352b0439f030f860318,0.01690448,2022-11-22 11:08:32
0xb8baa0e4287890a5f79863ab62b7f175cecbd433,0.075106,2022-11-22 11:08:36
0xb2089a7069861c8d90c8da3aacab8e9188c0c531,0.0,2022-11-22 11:08:56.731607
0x0d438f3b5175bebc262bf23753c1e53d03432bde,9.29,2022-11-22 11:08:47
0x3845badade8e6dff049820680d1f14bd3903a5d0,0.525966,2022-11-22 11:07:37
0x892a6f9df0147e5f079b0993f486f9aca3c87881,924.02,2022-11-22 11:08:17
0x0954906da0bf32d5479e25f46056d22f08464cab,1.99,2022-11-22 11:08:51
0xc834fa996fa3bec7aad3693af486ae53d8aa8b50,0.00042664,2022-11-22 11:08:59
0xcfeb09c3c5f0f78ad72166d55f9e6e9a60e96eec,0.01915791,2022-11-22 11:08:59
0x243cacb4d5ff6814ad668c3e225246efa886ad5a,3.02276e-07,2022-11-22 11:08:51
0xb05097849bca421a3f51b249ba6cca4af4b97cb9,0.828043,2022-11-22 11:00:55
0xeff3f1b9400d6d0f1e8805bdde592f61535f5ecd,4.15e-09,2022-11-19 23:28:36
0x4c19596f5aaff459fa38b0f7ed92f11ae6543784,0.03406852,2022-11-22 11:08:55
0xb64ef51c888972c908cfacf59b47c1afbc0ab8ac,0.319208,2022-11-22 11:09:02
0x55296f69f40ea6d20e478533c15a6b08b654e758,0.00401636,2022-11-22 11:09:01
0x8ab7404063ec4dbcfd4598215992dc3f8ec853d7,0.00254531,2022-11-22 11:08:56
0x7a5d3a9dcd33cb8d527f7b5f96eb4fef43d55636,0.00089793,2022-11-22 11:08:11
0x8e6cd950ad6ba651f6dd608dc70e5886b1aa6b24,2.53e-06,2022-11-22 11:08:56
0x584bc13c7d411c00c01a62e8019472de68768430,0.01166648,2022-11-22 11:08:52
0x2b915b505c017abb1547aa5ab355fbe69865cc6d,0.0,2022-11-22 11:09:08.869765
0x38e4adb44ef08f22f5b5b76a8f0c2d0dcbe7dca1,0.317819,2022-11-22 11:09:01
0x374cb8c27130e2c9e04f44303f3c8351b9de61c1,3.061e-05,2022-11-22 11:08:50
0x3aada3e213abf8529606924d8d1c55cbdc70bf74,10125.07,2022-11-22 11:09:04
0x4fe83213d56308330ec302a8bd641f1d0113a4cc,0.099922,2022-11-22 11:09:07
0xe28b3b32b6c345a34ff64674606124dd5aceca30,1.47,2022-11-22 11:09:04
0x16cc8367055ae7e9157dbcb9d86fd6ce82522b31,0.0207884,2022-11-22 11:08:32
0x27054b13b1b798b345b591a4d22e6562d47ea75a,0.090992,2022-11-22 11:09:00
0x0763fdccf1ae541a5961815c0872a8c5bc6de4d7,0.052699,2022-11-22 11:09:12
0x7d29a64504629172a429e64183d6673b9dacbfce,0.245591,2022-11-22 11:08:55
0x71a28feaee902966dc8d355e7b8aa427d421e7e0,0.00013932,2022-11-22 11:09:35
0xa0b73e1ff0b80914ab6fe0444e65848c4c34450b,0.063362,2022-11-22 11:10:08
0xe88f8313e61a97cec1871ee37fbbe2a8bf3ed1e4,0.04818981,2022-11-22 11:09:17
0x40fd72257597aa14c7231a7b1aaa29fce868f677,4.13,2022-11-22 11:09:52
0x87de305311d5788e8da38d19bb427645b09cb4e5,4.41,2022-11-22 11:09:58
0x6dea81c8171d0ba574754ef6f8b412f2ed88c54d,0.611878,2022-11-22 11:10:02
0xa1d0e215a23d7030842fc67ce582a6afa3ccab83,1568.01,2022-11-22 11:10:04
0x1796ae0b0fa4862485106a0de9b654efe301d0b2,0.560808,2022-11-22 11:10:00
0xc669928185dbce49d2230cc9b0979be6dc797957,6.36539e-07,2022-11-22 11:17:41
0xff20817765cb7f73d4bde2e66e067e58d11095c2,0.00333105,2022-11-22 11:17:40
0x0391d2021f89dc339f60fff84546ea23e337750f,3.67,2022-11-22 11:17:41
0xf411903cbc70a74d22900a5de66a2dda66507255,0.00251687,2022-11-22 11:17:44
0x5c147e74d63b1d31aa3fd78eb229b65161983b2b,1.1,2022-11-22 11:17:28
0x77777feddddffc19ff86db637967013e6c6a116c,5.38,2022-11-22 11:17:40
0x579cea1889991f68acc35ff5c3dd0621ff29b0c9,0.00599229,2022-11-22 11:17:41
0xb753428af26e81097e7fd17f40c88aaa3e04902c,36.25,2022-11-22 11:17:37
0xd99793a840cb0606456916d1cf5ea199ed93bf97,0.0,2022-11-22 11:17:52.517890
0x53fd2342b43ecd24aef1535bc3797f509616ce8c,0.00353145,2022-11-22 11:17:27
0x618e75ac90b12c6049ba3b27f5d5f8651b0037f6,0.00670088,2022-11-22 11:17:47
0xfb130d93e49dca13264344966a611dc79a456bc5,2.44409e-10,2022-11-22 11:17:49
0xa8b919680258d369114910511cc87595aec0be6d,5.46,2022-11-22 11:17:50
0xd33b79f237508251e5740c5229f2c8ea47ee30c8,0.0,2022-11-22 11:17:55.551735
0x295b42684f90c77da7ea46336001010f2791ec8c,0.01472558,2022-11-22 11:17:48
0xaa7a9ca87d3694b5755f213b5d04094b8d0f0a6f,0.152384,2022-11-22 11:17:54
0x44709a920fccf795fbc57baa433cc3dd53c44dbe,0.00461028,2022-11-22 11:17:38
0x467bccd9d29f223bce8043b84e8c8b282827790f,0.00165691,2022-11-22 11:17:45
0x7c8155909cd385f120a56ef90728dd50f9ccbe52,0.00027177,2022-11-22 11:17:25
0xb6ca7399b4f9ca56fc27cbff44f4d2e4eef1fc81,7.15,2022-11-22 11:17:47
0xce3f08e664693ca792cace4af1364d5e220827b2,0.00086474,2022-11-22 11:17:42
0x5ca381bbfb58f0092df149bd3d243b08b9a8386e,0.03162248,2022-11-22 11:17:37
0x8888801af4d980682e47f1a9036e589479e835c5,1.15,2022-11-22 11:17:48
0x77f9cf0bd8c500cffdf420e72343893aecc2ec0b,1.45344e-07,2022-11-22 11:17:28
0x97a9bac06f90940bce9caec2b880ff17707519e4,2.07,2022-11-22 11:15:10
0x88536c9b2c4701b8db824e6a16829d5b5eb84440,25.72,2022-11-22 11:21:03
0xeec2be5c91ae7f8a338e1e5f3b5de49d07afdc81,182.33,2022-11-22 11:20:58
0x993864e43caa7f7f12953ad6feb1d1ca635b875f,0.25141,2022-11-22 11:21:13
0x9c4a4204b79dd291d6b6571c5be8bbcd0622f050,0.03135614,2022-11-22 11:18:27
0xe0ad1806fd3e7edf6ff52fdb822432e847411033,0.04633203,2022-11-22 11:21:13
0x0c7d5ae016f806603cb1782bea29ac69471cab9c,0.059789,2022-11-22 11:20:55
0xd8912c10681d8b21fd3742244f44658dba12264e,8.18,2022-11-22 11:21:12
0x9040e237c3bf18347bb00957dc22167d0f2b999d,0.02373761,2022-11-22 11:21:04
0x46e98ffe40e408ba6412beb670507e083c8b95ff,0.01121076,2022-11-22 11:20:52
0xa80f2c8f61c56546001f5fc2eb8d6e4e72c45d4c,0.00315864,2022-11-22 11:20:50
0x473037de59cf9484632f4a27b509cfe8d4a31404,0.075019,2022-11-22 11:21:15
0x111111517e4929d3dcbdfa7cce55d30d4b6bc4d6,4.91,2022-11-22 11:21:15
0x050d94685c6b0477e1fc555888af6e2bb8dfbda5,5.2065e-10,2022-11-22 11:20:54
0xb26c4b3ca601136daf98593feaeff9e0ca702a8d,0.03648992,2022-11-22 11:20:47
0x8400d94a5cb0fa0d041a3788e395285d61c9ee5e,0.13043,2022-11-22 11:21:09
0x6c6ee5e31d828de241282b9606c8e98ea48526e2,0.00143956,2022-11-22 11:21:17
0xaa6e8127831c9de45ae56bb1b0d4d4da6e5665bd,4.75,2022-11-22 11:21:10
0x2d94aa3e47d9d5024503ca8491fce9a2fb4da198,0.00645994,2022-11-22 11:21:09
0xbb0e17ef65f82ab018d8edd776e8dd940327b28b,6.26,2022-11-22 11:20:58
0x5218e472cfcfe0b64a064f055b43b4cdc9efd3a6,0.00354138,2022-11-22 11:21:20
0x7bef710a5759d197ec0bf621c3df802c2d60d848,0.01317304,2022-11-22 11:20:52
0xdd974d5c2e2928dea5f71b9825b8b646686bd200,0.543272,2022-11-22 11:20:41
0x49e833337ece7afe375e44f4e3e8481029218e5c,0.137095,2022-11-22 11:21:04
0xc5102fe9359fd9a28f877a67e36b0f050d81a3cc,0.067096,2022-11-22 11:21:15
0xcc8fa225d80b9c7d42f96e9570156c65d6caaa25,0.00235818,2022-11-22 11:20:40
0x2e1e15c44ffe4df6a0cb7371cd00d5028e571d14,0.068976,2022-11-22 11:21:25
0xaea46a60368a7bd060eec7df8cba43b7ef41ad85,0.054459,2022-11-22 11:21:13
0x12bb890508c125661e03b09ec06e404bc9289040,0.00020328,2022-11-22 11:21:29
0x0fd10b9899882a6f2fcb5c371e17e70fdee00c38,0.357433,2022-11-22 11:21:22
0x01ba67aac7f75f647d94220cc98fb30fcc5105bf,0.050155,2022-11-22 11:22:28
0x16631e53c20fd2670027c6d53efe2642929b285c,0.0,2022-11-22 11:22:32.997608
0x7825e833d495f3d1c28872415a4aee339d26ac88,0.00015646,2022-11-22 11:22:20
0x33d0568941c0c64ff7e0fb4fba0b11bd37deed9f,0.04417719,2022-11-22 11:22:26
0xc6bdb96e29c38dc43f014eed44de4106a6a8eb5f,1.4421e-10,2022-11-22 05:17:13
0x038a68ff68c393373ec894015816e33ad41bd564,0.03534803,2022-11-22 11:22:23
0xcdca1b81dbb543baa92c97b701396cd3ba315e5d,4.89e-06,2022-11-22 11:22:07
0x4bd70556ae3f8a6ec6c4080a0c327b24325438f3,0.0517,2022-11-22 11:22:26
0x525a8f6f3ba4752868cde25164382bfbae3990e1,0.192768,2022-11-22 11:22:11
0x8fc8f8269ebca376d046ce292dc7eac40c8d358a,0.446041,2022-11-22 11:22:19
0x320623b8e4ff03373931769a31fc52a4e78b5d70,0.00364079,2022-11-22 11:22:28
0x961c8c0b1aad0c0b10a51fef6a867e3091bcef17,0.157451,2022-11-22 11:22:26
0x054d64b73d3d8a21af3d764efd76bcaa774f3bb2,0.00246393,2022-11-22 11:22:22
0x1e4ede388cbc9f4b5c79681b7f94d36a11abebc9,0.03266007,2022-11-22 11:21:23
0x5b52bfb8062ce664d74bbcd4cd6dc7df53fd7233,0.0,2022-11-22 11:22:38.093930
0x1c7e83f8c581a967940dbfa7984744646ae46b29,8.509e-09,2022-11-22 11:22:17
0x9ab7bb7fdc60f4357ecfef43986818a2a3569c62,0.053724,2022-11-22 11:22:37
0x30b2de4a95f397545c6509402f235b1be0fa9a14,0.0,2022-11-22 11:22:38.881297
0x03352d267951e96c6f7235037c5dfd2ab1466232,1.001,2022-08-20 17:25:19
0xc770eefad204b5180df6a14ee197d99d808ee52d,0.03112922,2022-11-22 11:22:30
0x875773784af8135ea0ef43b5a374aad105c5d39e,0.215677,2022-11-22 11:22:35
0x544c42fbb96b39b21df61cf322b5edc285ee7429,0.063845,2022-11-22 11:22:33
0x85eee30c52b0b379b046fb0f85f4f3dc3009afec,0.079025,2022-11-22 11:22:34
0x6f80310ca7f2c654691d1383149fa1a57d8ab1f8,0.03635042,2022-11-22 11:20:35
0x92e187a03b6cd19cb6af293ba17f2745fd2357d5,0.00210873,2022-11-22 11:22:20
0xccc8cb5229b0ac8069c51fd58367fd1e622afd97,0.222854,2022-11-22 11:22:37
0x221657776846890989a759ba2973e427dff5c9bb,4.94,2022-11-22 11:22:37
0x84fa8f52e437ac04107ec1768764b2b39287cb3e,7.21835e-10,2022-11-22 11:23:38
0x4abb9cc67bd3da9eb966d1159a71a0e68bd15432,0.0042671,2022-11-22 11:23:20
0x26c8afbbfe1ebaca03c2bb082e69d0476bffe099,0.176095,2022-11-22 11:23:22
0x725c263e32c72ddc3a19bea12c5a0479a81ee688,0.01313613,2022-11-22 11:23:28
0x21381e026ad6d8266244f2a583b35f9e4413fa2a,0.00240831,2022-11-22 11:23:49
0x2602278ee1882889b946eb11dc0e810075650983,0.00017054,2022-11-22 11:23:30
0xdacd69347de42babfaecd09dc88958378780fb62,0.00211563,2022-11-22 11:23:41
0x595832f8fc6bf59c85c527fec3740a1b7a361269,0.139459,2022-11-22 11:23:48
0x28cb7e841ee97947a86b06fa4090c8451f64c0be,6.69,2022-11-22 11:23:26
0xebf2096e01455108badcbaf86ce30b6e5a72aa52,6.295e-05,2022-11-22 11:23:53
0xa1d65e8fb6e87b60feccbc582f7f97804b725521,386.73,2022-11-22 11:23:23
0xeef9f339514298c6a857efcfc1a762af84438dee,4.03,2022-11-22 11:23:43
0xa1d6df714f91debf4e0802a542e13067f31b8262,0.00528734,2022-11-22 11:23:43
0xc57d533c50bc22247d49a368880fb49a1caa39f7,0.01106476,2022-11-22 11:23:24
0x80fb784b7ed66730e8b1dbd9820afd29931aab03,0.535291,2022-11-22 11:23:27
0x9f9c8ec3534c3ce16f928381372bfbfbfb9f4d24,0.00124408,2022-11-22 11:23:48
0xef3a930e1ffffacd2fc13434ac81bd278b0ecc8d,0.260111,2022-11-22 11:23:45
0xc82eb6dea0c93edb8b697b89ad1b13d19469d635,0.936784,2022-01-23 00:57:03
0xba9d4199fab4f26efe3551d490e3821486f135ba,0.213208,2022-11-22 11:27:56
0x31429d1856ad1377a8a0079410b297e1a9e214c2,0.02911046,2022-11-22 11:27:44
0xb4d930279552397bba2ee473229f89ec245bc365,0.850017,2022-11-22 11:27:45
0x2b89bf8ba858cd2fcee1fada378d5cd6936968be,0.599436,2022-11-22 11:27:42
0x3e5d9d8a63cc8a88748f229999cf59487e90721e,0.01355112,2022-11-22 11:26:58
0xd084b83c305dafd76ae3e1b4e1f1fe2ecccb3988,0.02646322,2022-11-22 11:27:47
0x0fc6c0465c9739d4a42daca22eb3b2cb0eb9937a,0.0,2022-11-22 11:28:03.819964
0xb9eefc4b0d472a44be93970254df4f4016569d27,0.00501663,2022-11-22 11:27:41
0xbf0f3ccb8fa385a287106fba22e6bb722f94d686,0.996313,2022-10-09 23:02:30
0xe41d2489571d322189246dafa5ebde1f4699f498,0.178265,2022-11-22 11:27:52
0xaf9f549774ecedbd0966c52f250acc548d3f36e5,0.00531785,2022-11-22 11:27:58
0xbc19712feb3a26080ebf6f2f7849b417fdd792ca,0.0030752,2022-11-22 11:27:58
0x1a4b46696b2bb4794eb3d4c26f1c55f9170fa4c5,0.272723,2022-11-22 11:28:04
0x0abdace70d3790235af448c88547603b945604ea,0.01960915,2022-11-22 11:27:58
0x34f0915a5f15a66eba86f6a58be1a471fb7836a7,5.02,2022-11-22 11:28:02
0xec4325f0518584f0774b483c215f65474eabd27f,0.212545,2022-11-17 12:00:12
0x0aee8703d34dd9ae107386d3eff22ae75dd616d1,0.03628157,2022-11-22 11:27:31
0x68cfb82eacb9f198d508b514d898a403c449533e,0.01526439,2022-11-19 16:32:05
0x7f39c581f595b53c5cb19bd0b3f8da6c935e2ca0,1179.18,2022-11-22 11:28:04
0x0cec1a9154ff802e7934fc916ed7ca50bde6844e,0.605563,2022-11-22 11:27:58
0xfea300256736dc102f63552303a5b0995b15f79e,0.0005383,2022-11-22 11:25:21
0xfe3e6a25e6b192a42a44ecddcd13796471735acf,0.00273298,2022-11-22 11:27:59
0xd417144312dbf50465b1c641d016962017ef6240,0.102324,2022-11-22 11:28:07
0x917b78b76ca7fd68e9b6e4b1ebfcb13cc0fb4650,0.0,2022-11-22 11:28:09.828260
0x8290d7a64f25e6b5002d98367e8367c1b532b534,0.995277,2022-05-31 19:31:39
0x3c03b4ec9477809072ff9cc9292c9b25d4a8e6c6,0.00177674,2022-11-22 11:27:41
0x57b946008913b82e4df85f501cbaed910e58d26c,0.00788095,2022-11-22 17:41:06
0x7778360f035c589fce2f4ea5786cbd8b36e5396b,0.01776341,2022-11-22 17:41:01
0xeb58343b36c7528f23caae63a150240241310049,0.00132875,2022-11-22 17:40:28
0x639ae8f3eed18690bf451229d14953a5a5627b72,0.03216943,2022-11-22 17:40:16
0x38d9eb07a7b8df7d86f440a4a5c4a4c1a27e1a08,0.20061,2022-11-22 17:40:28
0x9b9087756eca997c5d595c840263001c9a26646d,0.0556,2022-11-20 07:04:10
0x3fa729b4548becbad4eab6ef18413470e6d5324c,0.140327,2022-11-22 17:40:55
0x50de6856358cc35f3a9a57eaaa34bd4cb707d2cd,0.00552018,2022-11-22 17:40:32
0x8287c7b963b405b7b8d467db9d79eec40625b13a,0.00184764,2022-11-22 17:40:59
0x817bbdbc3e8a1204f3691d14bb44992841e3db35,0.00353053,2022-11-22 17:40:42
0xf8e9f10c22840b613cda05a0c5fdb59a4d6cd7ef,0.00960145,2022-11-22 17:41:01
0xda86006036540822e0cd2861dbd2fd7ff9caa0e8,0.323772,2022-10-29 01:26:41
0xeeeeeb57642040be42185f49c52f7e9b38f8eeee,0.122283,2022-11-22 17:40:56
0x5b7533812759b45c2b44c19e320ba2cd2681b542,0.04460504,2022-11-22 17:40:31
0xfa14fa6958401314851a17d6c5360ca29f74b57b,0.01344448,2022-11-22 17:41:03
0xdf2c7238198ad8b389666574f2d8bc411a4b7428,0.00426313,2022-11-22 17:40:12
0x491604c0fdf08347dd1fa4ee062a822a5dd06b5d,0.100799,2022-11-22 17:40:50
0x91dfbee3965baaee32784c2d546b7a0c62f268c9,0.00633606,2022-11-22 17:41:09
0x9393fdc77090f31c7db989390d43f454b1a6e7f3,0.00063123,2022-11-22 17:40:27
0x965697b4ef02f0de01384d0d4f9f782b1670c163,0.00911628,2022-11-22 17:41:04
0xa1faa113cbe53436df28ff0aee54275c13b40975,0.083079,2022-11-22 17:41:08
0x9da25451531f594ec866c543d2c8eff32a87181d,0.0,2022-11-22 17:41:19.826060
0xf99d58e463a2e07e5692127302c20a191861b4d6,3.4,2022-11-22 17:41:17
0x3d658390460295fb963f54dc0899cfb1c30776df,0.00937589,2022-11-22 17:40:39
0xfbeea1c75e4c4465cb2fccc9c6d6afe984558e20,1.54,2022-11-22 17:40:57
0x7c84e62859d0715eb77d1b1c4154ecd6abb21bec,0.00520613,2022-11-22 17:40:50
0xeeaa40b28a2d1b0b08f6f97bb1dd4b75316c6107,0.225793,2022-11-22 17:41:05
0x87d73e916d7057945c9bcd8cdd94e42a6f47f776,14.14,2022-11-22 17:40:58
0xa91ac63d040deb1b7a5e4d4134ad23eb0ba07e14,0.394495,2022-11-22 17:41:21
0x73d7c860998ca3c01ce8c808f5577d94d545d1b4,0.02019383,2022-11-22 17:42:20
0x9275e8386a5bdda160c0e621e9a6067b8fd88ea2,0.00031568,2022-11-22 02:08:06
0xae1eaae3f627aaca434127644371b67b18444051,0.02537239,2022-11-22 17:40:48
0x8185bc4757572da2a610f887561c32298f1a5748,0.00210171,2022-11-22 17:41:59
0x6b4c7a5e3f0b99fcd83e9c089bddd6c7fce5c611,2.0,2022-11-22 17:42:21
0x34950ff2b487d9e5282c5ab342d08a2f712eb79f,0.066696,2022-11-22 17:42:21
0x4b7ee45f30767f36f06f79b32bf1fca6f726deda,5.41,2022-11-04 06:02:14
0x0aacfbec6a24756c20d41914f2caba817c0d8521,0.180108,2022-11-22 17:42:01
0x5dbcf33d8c2e976c6b560249878e6f1491bca25c,1.36,2022-11-22 17:42:01
0x9f52c8ecbee10e00d9faaac5ee9ba0ff6550f511,0.104046,2022-11-22 17:42:10
0xf8c3527cc04340b208c854e985240c02f7b7793f,0.179102,2022-11-22 17:42:16
0x94e0bab2f6ab1f19f4750e42d7349f2740513ad5,4.75,2022-11-22 17:41:51
0x68b1cadb8d5ab0c97fe9d9fbe0eb60acb329fe3f,0.054011,2022-11-22 03:47:54
0x2e922f84ec5bb9cedfbb1a99543b143aa43d94b6,1.49851e-07,2022-11-22 17:07:33
0x5f018e73c185ab23647c82bd039e762813877f0e,0.00023111,2022-11-22 17:42:21
0xec213f83defb583af3a000b1c0ada660b1902a0f,0.04028192,2022-11-22 17:41:57
0x6fb3e0a217407efff7ca062d46c26e5d60a14d69,0.02327761,2022-11-22 17:41:40
0x86ed939b500e121c0c5f493f399084db596dad20,0.00541322,2022-11-22 17:42:31
0x4a5b3d0004454988c50e8de1bcfc921ee995ade3,0.0,2022-11-22 17:42:36.079081
0x2370f9d504c7a6e775bf6e14b3f12846b594cd53,0.00765461,2022-11-22 17:42:32
0xadd5e881984783dd432f80381fb52f45b53f3e70,0.03110403,2022-11-22 17:42:31
0x0e7f502e5e4fba9c65c59989b68d31e5f5093f50,0.0,2022-11-22 17:42:37.359256
0xa0335820dc549dbfae5b8d691331cadfca7026e0,0.0,2022-11-22 17:43:42.066239
0x217ddead61a42369a266f1fb754eb5d3ebadc88a,0.00932925,2022-11-22 17:43:24
0xcd4562425f5392f642dd56d1c967d9c35b5a83a8,0.0,2022-11-22 17:43:44.135147
0x50d1c9771902476076ecfc8b2a83ad6b9355a4c9,1.37,2022-11-22 17:43:28
0xaac41ec512808d64625576eddd580e7ea40ef8b2,0.224664,2022-11-22 17:43:24
0x155ff1a85f440ee0a382ea949f24ce4e0b751c65,0.156117,2022-11-22 17:43:04
0x99ea4db9ee77acd40b119bd1dc4e33e1c070b80d,0.01253059,2022-11-22 17:43:35
0x3f5294df68f871241c4b18fcf78ebd8ac18ab654,0.051093,2022-11-22 17:43:18
0x2c9aceb63181cd08a093d052ec041e191f229692,3.24e-06,2022-11-22 17:43:08
0x05d3606d5c81eb9b7b18530995ec9b29da05faba,0.413077,2022-11-21 12:47:51
0x8df586aa346c3d9d1c99a21316a2735d71355ec8,0.00138227,2022-11-22 17:42:42
0x32a7c02e79c4ea1008dd6564b35f131428673c41,0.566835,2022-11-22 17:43:52
0x066798d9ef0833ccc719076dab77199ecbd178b0,0.00185733,2022-11-22 17:43:03
0x630d98424efe0ea27fb1b3ab7741907dffeaad78,0.0053031,2022-11-22 17:43:12
0x69fa0fee221ad11012bab0fdb45d444d3d2ce71c,0.00808768,2022-11-22 17:43:28
0x84d821f7fbdd595c4c4a50842913e6b1e07d7a53,0.00171675,2022-11-21 19:46:29
0xbbbbca6a901c926f240b89eacb641d8aec7aeafd,0.23163,2022-11-22 17:43:46
0x5c56c86ae42ddee99c3b46cc1d78ba4761080d86,0.0,2022-11-22 17:43:56.136424
0x0488401c3f535193fa8df029d9ffe615a06e74e6,0.00020922,2022-11-22 17:43:48
0xe516d78d784c77d479977be58905b3f2b1111126,0.00039369,2022-11-22 17:43:55
0x5d285f735998f36631f678ff41fb56a10a4d0429,0.00278309,2022-11-22 17:43:38
0x1f6b579a672590ab6115de803ee4bc81ec4e79f1,0.0,2022-11-22 17:44:04.740447
0xc221b7e65ffc80de234bbb6667abdd46593d34f0,0.215957,2022-11-22 17:43:40
0x43a96962254855f16b925556f9e97be436a43448,0.01796884,2022-11-22 17:43:55
0x84ca8bc7997272c7cfb4d0cd3d55cd942b3c9419,0.31613,2022-11-22 17:44:02
0x47da5456bc2e1ce391b645ce80f2e97192e4976a,0.00212065,2022-11-22 17:43:59
0x667102bd3413bfeaa3dffb48fa8288819e480a88,6.88,2022-11-22 17:43:59
0x32e6c34cd57087abbd59b5a4aecc4cb495924356,0.189593,2022-11-22 17:43:57
0xf9a2d7e60a3297e513317ad1d7ce101cc4c6c8f6,0.0,2022-11-22 17:44:09.782451
0xb1f66997a5760428d3a87d68b90bfe0ae64121cc,0.01710171,2022-11-22 17:43:28
0x9b83f827928abdf18cf1f7e67053572b9bceff3a,0.00497045,2022-11-22 17:43:15
0xf08137e54a81ba8bc9468ae13c2c0b1dc31f2fde,0.0,2022-11-22 17:44:16.791313
0xee06a81a695750e71a662b51066f2c74cf4478a0,30.0,2022-11-22 17:44:13
0xfc979087305a826c2b2a0056cfaba50aad3e6439,0.00273596,2022-11-22 17:44:10
0x4db2c02831c9ac305ff9311eb661f80f1df61e07,1.002,2022-11-22 17:43:33
0x94a7f270cd12545a277e656266aef5e27df3eb28,0.0,2022-11-22 17:44:18.079068
0x15f0eedf9ce24fc4b6826e590a8292ce5524a1da,0.332909,2022-11-22 17:47:32
0xcc4304a31d09258b0029ea7fe63d032f52e44efe,0.168689,2022-11-22 17:47:40
0x8052327f1baf94a9dc8b26b9100f211ee3774f54,0.115712,2022-11-22 17:47:18
0xe63684bcf2987892cefb4caa79bd21b34e98a291,10.86,2022-11-22 17:45:12
0x1337def16f9b486faed0293eb623dc8395dfe46a,0.00470045,2022-11-22 17:47:32
0x6781a0f84c7e9e846dcb84a9a5bd49333067b104,0.00316801,2022-11-22 17:47:36
0x5732046a883704404f284ce41ffadd5b007fd668,0.056993,2022-11-22 17:47:34
0x419c4db4b9e25d6db2ad9691ccb832c8d9fda05e,0.01217154,2022-11-22 17:47:19
0x35a532d376ffd9a705d0bb319532837337a398e7,0.075972,2022-11-22 17:15:33
0x7671904eed7f10808b664fc30bb8693fd7237abf,0.199806,2022-11-21 13:36:29
0x695106ad73f506f9d0a9650a78019a93149ae07c,0.00061553,2022-11-16 01:43:16
0x674c6ad92fd080e4004b2312b45f796a192d27a0,0.919219,2022-11-22 17:47:23
0x45804880de22913dafe09f4980848ece6ecbaf78,1747.74,2022-11-22 17:47:42
0xe1406825186d63980fd6e2ec61888f7b91c4bae4,0.0,2022-11-22 17:47:51.369824
0xa91c82b6933105c23298e631a0c1be751d239162,0.0,2022-11-22 17:47:51.702963
0x8b79656fc38a04044e495e22fad747126ca305c4,0.00133019,2022-11-22 13:52:49
0x0d86eb9f43c57f6ff3bc9e23d8f9d82503f0e84b,0.03858911,2022-11-22 17:47:44
0x9b31bb425d8263fa1b8b9d090b83cf0c31665355,0.02999162,2022-11-22 17:47:44
0xf56842af3b56fd72d17cb103f92d027bba912e89,0.01527567,2022-11-22 17:47:49
0x0e29e5abbb5fd88e28b2d355774e73bd47de3bcd,0.00113847,2022-11-22 17:47:14
0xa0cf46eb152656c7090e769916eb44a138aaa406,0.00706953,2022-11-22 17:47:16
0xed0439eacf4c4965ae4613d77a5c2efe10e5f183,0.02639819,2022-11-22 17:47:22
0x0e8d6b471e332f140e7d9dbb99e5e3822f728da6,0.01202414,2022-11-22 17:47:41
0xd31695a1d35e489252ce57b129fd4b1b05e6acac,0.096845,2022-11-22 17:47:33
0x7968bc6a03017ea2de509aaa816f163db0f35148,0.376926,2022-11-22 17:47:53
0xd7efb00d12c2c13131fd319336fdf952525da2af,0.00194757,2022-11-22 17:47:34
0xf433089366899d83a9f26a773d59ec7ecf30355e,0.697843,2022-11-22 17:47:57
0x0c10bf8fcb7bf5412187a595ab97a3609160b5c6,0.993408,2022-11-22 17:48:53
0xf56b164efd3cfc02ba739b719b6526a6fa1ca32a,0.00230553,2022-11-22 09:55:08
0x5bc25f649fc4e26069ddf4cf4010f9f706c23831,0.973007,2022-11-22 16:57:42
0xbcda9e0658f4eecf56a0bd099e6dbc0c91f6a8c2,0.0,2022-11-22 17:49:04.419193
