0x03be5c903c727ee2c8c4e9bc0acc860cca4715e2,1
0x0b452278223d3954f4ac050949d7998e373e7e43,2
0x0c572544a4ee47904d54aaa6a970af96b6f00e1b,1
0x111111111117dc0aa78b770fa6a738034120c302,1
0x1559fa1b8f28238fd5d76d9f434ad86fd20d1559,1
0x16cda4028e9e872a38acb903176719299beaed87,1
0x2260fac5e5542a773aa44fbcfedf7c193bc2c599,2
0x227c7df69d3ed1ae7574a1a7685fded90292eb48,1
0x2ab6bb8408ca3199b8fa6c92d5b455f820af03c4,2
0x2b591e99afe9f32eaa6214f7b7629768c40eeb39,2
0x2c69095d81305f1e3c6ed372336d407231624cea,1
0x30dcba0405004cf124045793e1933c798af9e66a,2
0x33d0568941c0c64ff7e0fb4fba0b11bd37deed9f,2
0x34f0915a5f15a66eba86f6a58be1a471fb7836a7,2
0x39207d2e2feef178fbda8083914554c59d9f8c00,1
0x3b0bd908126ce773b51870944cef49af0adc7f83,1
0x3f671eee5be8e4841ca6241a4294d3d524638d07,1
0x473037de59cf9484632f4a27b509cfe8d4a31404,12
0x476c5e26a75bd202a9683ffd34359c0cc15be0ff,1
0x4d224452801aced8b2f0aebe155379bb5d594381,1
0x4e3fbd56cd56c3e72c1403e103b45db9da5b9d2b,1
0x4e4a47cac6a28a62dcc20990ed2cda9bc659469f,3
0x514910771af9ca656af840dff83e8264ecf986ca,1
0x51ca577e93c26b54e646c58dbcee4989ffadae37,1
0x570db9a388b641c92722c0f35574c33063a972d7,4
0x61c54c6faa22e229176a70d85f861c440bd3a2de,2
0x64aa3364f17a4d01c6f1751fd97c2bd3d7e7f1d5,1
0x65ef703f5594d2573eb71aaf55bc0cb548492df4,1
0x6b175474e89094c44da98b954eedeac495271d0f,5
0x7d1afa7b718fb893db30a3abc0cfc608aacfebb0,1
0x8207c1ffc5b6804f6024322ccf34f29c3541ae26,1
0x92d6c1e31e14520e676a687f0a93788b716beff5,4
0x95ad61b0a150d79219dcf64e1e6cc01f0b64c4ce,1
0x967da4048cd07ab37855c090aaf366e4ce1b9f48,1
0x9d65ff81a3c488d585bbfb0bfe3c7707c7917f54,1
0xa0b86991c6218b36c1d19d4a2e9eb0ce3606eb48,41
0xa4582f7cd04c6fdca6df023fc325e4eee4a3f469,2
0xa9b1eb5908cfc3cdf91f9b8b3a74108598009096,1
0xabe61b9355879bf0ec83b74736cdd966496bd9fc,2
0xae78736cd615f374d3085123a210448e74fc6393,1
0xaf9f549774ecedbd0966c52f250acc548d3f36e5,2
0xbc19712feb3a26080ebf6f2f7849b417fdd792ca,1
0xbc396689893d065f41bc2c6ecbee5e0085233447,3
0xc00e94cb662c3520282e6f5717214004a7f26888,1
0xc011a73ee8576fb46f5e1c5751ca3b9fe0af2a6f,1
0xc02aaa39b223fe8d0a0e5c4f27ead9083c756cc2,230
0xc50ef449171a51fbeafd7c562b064b6471c36caa,2
0xc5fb36dd2fb59d3b98deff88425a3f425ee469ed,2
0xc944e90c64b2c07662a292be6244bdf05cda44a7,1
0xce3f08e664693ca792cace4af1364d5e220827b2,1
0xd33526068d116ce69f19a9ee46f0bd304f21a51f,1
0xd432e8611377e307d3e5710132515be1e6aa6156,1
0xd533a949740bb3306d119cc777fa900ba034cd52,1
0xdac17f958d2ee523a2206206994597c13d831ec7,13
0xe0ad1806fd3e7edf6ff52fdb822432e847411033,1
0xe1fc4455f62a6e89476f1072530c20cf1a0622da,1
0xe3c408bd53c31c085a1746af401a4042954ff740,1
0xe9d2c26a6d249f5c600d9f0e5818c60314c82dac,1
0xea1ea0972fa092dd463f2968f9bb51cc4c981d71,1
0xebffe15ca719a2962c1f283f482fc146cda9d24c,1
0xef952363c1d990a2fa58f8b379a9fa33bad1dfd1,1
0xf1f955016ecbcd7321c7266bccfb96c68ea5e49b,1
0xf3b9569f82b18aef890de263b84189bd33ebe452,1
0xf4b5470523ccd314c6b9da041076e7d79e0df267,1
0xf4d2888d29d722226fafa5d9b24f9164c092421e,1
0xf99d58e463a2e07e5692127302c20a191861b4d6,1
0x0f2d719407fdbeff09d87557abb7232601fd9f29,1
0x1f573d6fb3f13d689ff844b4ce37794d79a7ff1c,1
0x251457b7c5d85251ca1ab384361c821330be2520,1
0x30df7d7ee52c1b03cd009e656f00ab875adceed2,1
0x4c19596f5aaff459fa38b0f7ed92f11ae6543784,1
0x4e15361fd6b4bb609fa63c81a2be19d873717870,1
0x4f9254c83eb525f9fcf346490bbb3ed28a81c667,1
0x55296f69f40ea6d20e478533c15a6b08b654e758,1
0x5b52bfb8062ce664d74bbcd4cd6dc7df53fd7233,1
0x707f9118e33a9b8998bea41dd0d46f38bb963fc8,1
0x73968b9a57c6e53d41345fd57a6e6ae27d6cdb2f,1
0x7c5a0ce9267ed19b22f8cae653f198e3e8daf098,1
0x88acdd2a6425c3faae4bc9650fd7e27e0bebb7ab,1
0x896e145568624a498c5a909187363ae947631503,1
0x9506d37f70eb4c3d79c398d326c871abbf10521d,1
0x9813037ee2218799597d83d4a5b6f3b6778218d9,1
0x9d71ce49ab8a0e6d2a1e7bfb89374c9392fd6804,1
0xa4eed63db85311e22df4473f87ccfc3dadcfa3e3,1
0xa8b919680258d369114910511cc87595aec0be6d,1
0xb7c2fcd6d7922eddd2a7a9b0524074a60d5b472c,1
0xc82e3db60a52cf7529253b4ec688f631aad9e7c2,1
0xcbc6922bb75e55d7ca5dabcf0ea2d7787fd023f6,1
0xcc1c0fbaecf0fe1c4703d77ec284cdf8a06253c5,11
0xd084944d3c05cd115c09d072b9f44ba3e0e45921,1
0xdb4d1099d53e92593430e33483db41c63525f55f,1
0xdc9e05c6e4127e74a29a34e88f6381d89814e0f7,1
0xde5ea375ffbdc8b25a80fe13d631e8ba0ab4bb02,1
0xf1ca9cb74685755965c7458528a36934df52a3ef,1
0xf629cbd94d3791c9250152bd8dfbdf380e2a3b9c,1
0xffbf315f70e458e49229654dea4ce192d26f9b25,1
0x00c83aecc790e8a4453e5dd3b0b4b3680501a7a7,1
0x1c4853ec0d55e420002c5efabc7ed8e0ba7a4121,1
0x1f9840a85d5af5bf1d1762f925bdaddc4201f984,2
0x232fb065d9d24c34708eedbf03724f2e95abe768,1
0x27c70cd1946795b66be9d954418546998b546634,1
0x2c1c431475e9aa14b6043b19d39ff2c89ec770a6,1
0x30d20208d987713f46dfd34ef128bb16c404d10f,1
0x3432b6a60d23ca0dfca7761b7ab56459d9c964d0,1
0x35ba8966aa3d81e007d2cbc167172583a07dff8c,1
0x3819f64f282bf135d62168c1e513280daf905e06,1
0x43a96962254855f16b925556f9e97be436a43448,1
0x464fdb8affc9bac185a7393fd4298137866dcfb8,1
0x5a98fcbea516cf06857215779fd812ca3bef1b32,1
0x641927e970222b10b2e8cdbc96b1b4f427316f16,1
0x67b6d479c7bb412c54e03dca8e1bc6740ce6b99c,1
0x77777feddddffc19ff86db637967013e6c6a116c,1
0x79a06acb8bdd138beeecce0f1605971f3ac7c09b,3
0x817bbdbc3e8a1204f3691d14bb44992841e3db35,2
0x8400d94a5cb0fa0d041a3788e395285d61c9ee5e,1
0x89568569da9c83cb35e59f92f5df2f6ca829eeee,1
0x8d137e3337eb1b58a222fef2b2cc7c423903d9cf,1
0x8e870d67f660d95d5be530380d0ec0bd388289e1,1
0x9f31df87fa963b8b2ac249b5c54cfa41e7e184eb,1
0xa2881f7f441267042f9778ffa0d4f834693426be,4
0xac57de9c1a09fec648e93eb98875b212db0d460b,1
0xb4e0f61c22af672adf65a986a4f9daecfad64b75,2
0xbb4b2f7f1c6d52de6e84d74ace6c07b344d3f6bf,2
0xc0d4ceb216b3ba9c3701b291766fdcba977cec3a,1
0xc3f65b1c45b0d42a472cd0fbd37dd6678aef667a,1
0xc5102fe9359fd9a28f877a67e36b0f050d81a3cc,1
0xd15bc1f6408d11c2513444b9d0253efd838af781,1
0xd99793a840cb0606456916d1cf5ea199ed93bf97,1
0xdc0327d50e6c73db2f8117760592c8bbf1cdcf38,1
0xe53ec727dbdeb9e2d5456c3be40cff031ab40a55,1
0x014550a34149231b8432b8dd210fadd81b1d2668,2
0x05fc938cc60fb71381514877d66478bab7e2e1ce,1
0x090185f2135308bad17527004364ebcc2d37e5f6,1
0x0d86eb9f43c57f6ff3bc9e23d8f9d82503f0e84b,1
0x1852baaf94015634d948862d03ff04489772cf65,1
0x18aaa7115705e8be94bffebde57af9bfc265b998,1
0x20407c1a1cd8d683dc257210945492e1e99bb3ef,1
0x2ba592f78db6436527729929aaf6c908497cb200,1
0x3d6f0dea3ac3c607b3998e6ce14b6350721752d9,1
0x3dc6893b8b3d71749ebe6a43763cba1c11045bd8,2
0x43dfc4159d86f3a37a5a4b3d4580b888ad7d4ddd,1
0x4c2e59d098df7b6cbae0848d66de2f8a4889b9c3,1
0x4ee4f96838454e67fce92b2c53b0f1a97d047179,1
0x53fd2342b43ecd24aef1535bc3797f509616ce8c,2
0x57b946008913b82e4df85f501cbaed910e58d26c,2
0x6810e776880c02933d47db1b9fc05908e5386b96,1
0x761d38e5ddf6ccf6cf7c55759d5210750b5d60f3,2
0x7778360f035c589fce2f4ea5786cbd8b36e5396b,1
0x77f9cf0bd8c500cffdf420e72343893aecc2ec0b,1
0x7865af71cf0b288b4e7f654f4f7851eb46a2b7f8,1
0x888888435fde8e7d4c54cab67f206e4199454c60,1
0x8be6c97a8fd3b2c450d7124fcdbe2c595e3cff5c,1
0x920a12c59a64e632e1c1fa7d2c3b0ea4940e57c3,1
0x93da361fcb2c116b16f0ec7ff44d30c89b809f75,6
0x93f062dc30e9087a79224e80d7fc50fd41dceefa,4
0x9c354503c38481a7a7a51629142963f98ecc12d0,1
0x9c4a4204b79dd291d6b6571c5be8bbcd0622f050,1
0x9fb9ec13a18eff7072ee8ca7ee7a2b295649e00d,2
0xa49d7499271ae71cd8ab9ac515e6694c755d400c,1
0xa91ac63d040deb1b7a5e4d4134ad23eb0ba07e14,1
0xb1f1f47061a7be15c69f378cb3f69423bd58f2f8,1
0xb753428af26e81097e7fd17f40c88aaa3e04902c,1
0xbba39fd2935d5769116ce38d46a71bde9cf03099,1
0xbe1a001fe942f96eea22ba08783140b9dcc09d28,1
0xbe9375c6a420d2eeb258962efb95551a5b722803,1
0xc18360217d8f7ab5e7c516566761ea12ce7f9d72,1
0xdefa4e8a7bcba345f687a2f1456f5edd9ce97202,1
0xe6fe0258d182a88931b7fe32d6f80042f122d066,1
0xf4a955789e41680ee03d1028fe0a3d43a5e70763,2
0xfe4beb9217cddf2422d4bd65449b76d807b30fe1,2
0x00813e3421e1367353bfe7615c7f7f133c89df74,3
0x0d8775f648430679a709e98d2b0cb6250d2887ef,1
0x0e239db593619bcf6248fdef4723f26cf40e1f37,1
0x2b52cc9051991b42a77ca1dc703f6d15e0981241,1
0x331b9c07afbabbac2a263454a1b45d3f3c3d5857,1
0x3472a5a71965499acd81997a54bba8d852c6e53d,1
0x34be5b8c30ee4fde069dc878989686abe9884470,1
0x3b484b82567a09e2588a13d54d032153f0c0aee0,1
0x3c8d2fce49906e11e71cb16fa0ffeb2b16c29638,2
0x3e9bc21c9b189c09df3ef1b824798658d5011937,1
0x408e41876cccdc0f92210600ef50372656052a38,1
0x419d0d8bdd9af5e606ae2232ed285aff190e711b,2
0x41d5d79431a913c4ae7d69a668ecdfe5ff9dfb68,1
0x549020a9cb845220d66d3e9c6d9f9ef61c981102,1
0x594d3d44a040de44dc9c505b0a12fcd1da237ea3,1
0x5f98805a4e8be255a32880fdec7f6728c6568ba0,2
0x626e8036deb333b408be468f951bdb42433cbf18,1
0x63f88a2298a5c4aee3c216aa6d926b184a4b2437,1
0x6dea81c8171d0ba574754ef6f8b412f2ed88c54d,1
0x767fe9edc9e0df98e07454847909b5e959d7ca0e,1
0x8290333cef9e6d528dd5618fb97a76f268f3edd4,1
0xa66734d48d564e4e1c016c8d2ea2e9131b41c1ad,1
0xb2b1649b925631578722db7e06f1dc5fe98d5d28,1
0xb62132e35a6c13ee1ee0f84dc5d40bad8d815206,1
0xba100000625a3754423978a60c9317c58a424e3d,1
0xbbc2ae13b23d715c30720f079fcd9b4a74093505,1
0xdb25f211ab05b1c97d595516f45794528a807ad8,1
0xdbdb4d16eda451d0503b854cf79d55697f90c8df,1
0xe50559a16d5047f53f450e8957c947d1cf4c79a3,2
0xefe2afb5f2a9ea8ec6d8a57fe88febcfe29db813,1
0xf0f9d895aca5c8678f706fb8216fa22957685a13,2
0x00a8b738e453ffd858a7edf03bccfe20412f0eb0,1
0x0202be363b8a4820f3f4de7faf5224ff05943ab1,1
0x0ab87046fbb341d058f17cbc4c1133f25a20a52f,1
0x0d02755a5700414b26ff040e1de35d337df56218,1
0x138c2f1123cf3f82e4596d097c118eac6684940b,1
0x184b6f31aeaa6a19eb207dfea01f4289629e0f0f,1
0x1bbf25e71ec48b84d773809b4ba55b6f4be946fb,1
0x1fc7a7975faa73f974ba9d376c60c918956dc728,1
0x21381e026ad6d8266244f2a583b35f9e4413fa2a,1
0x31c2415c946928e9fd1af83cdfa38d3edbd4326f,1
0x320623b8e4ff03373931769a31fc52a4e78b5d70,1
0x34950ff2b487d9e5282c5ab342d08a2f712eb79f,1
0x383518188c0c6d7730d91b2c03a03c837814a899,1
0x389999216860ab8e0175387a0c90e5c52522c945,1
0x38d9eb07a7b8df7d86f440a4a5c4a4c1a27e1a08,1
0x3c2eb40d25a4b2b5a068a959a40d57d63dc98b95,1
0x41a3dba3d677e573636ba691a70ff2d606c29666,1
0x430ef9263e76dae63c84292c3409d61c598e9682,1
0x47da5456bc2e1ce391b645ce80f2e97192e4976a,1
0x4b1d0b9f081468d780ca1d5d79132b64301085d1,1
0x4bd70556ae3f8a6ec6c4080a0c327b24325438f3,1
0x4fabb145d64652a948d72533023f6e7a623c7c53,1
0x57ab1ec28d129707052df4df418d58a2d46d5f51,1
0x58b6a8a3302369daec383334672404ee733ab239,1
0x5a666c7d92e5fa7edcb6390e4efd6d0cdd69cf37,1
0x5c147e74d63b1d31aa3fd78eb229b65161983b2b,2
0x5eeaa2dcb23056f4e8654a349e57ebe5e76b5e6e,1
0x5f474906637bdcda05f29c74653f6962bb0f8eda,1
0x6b3595068778dd592e39a122f4f5a5cf09c90fe2,1
0x777e2ae845272a2f540ebf6a3d03734a5a8f618e,1
0x78a82ae94088d5b31fb64dcddc358a58d4a72713,2
0x7db5af2b9624e1b3b4bb69d6debd9ad1016a58ac,1
0x84ca8bc7997272c7cfb4d0cd3d55cd942b3c9419,1
0x853d955acef822db058eb8505911ed77f175b99e,1
0x8a0cdfab62ed35b836dc0633482798421c81b3ec,1
0x8ab7404063ec4dbcfd4598215992dc3f8ec853d7,1
0x8b3192f5eebd8579568a2ed41e6feb402f93f73f,1
0x940a2db1b7008b6c776d4faaca729d6d4a4aa551,1
0x949d48eca67b17269629c7194f4b727d4ef9e5d6,1
0x94d916873b22c9c1b53695f1c002f78537b9b3b2,1
0x9b82ece6bb6f23a5e4e7b280073fa7948a3d5471,2
0xa2b4c0af19cc16a6cfacce81f192b024d625817d,1
0xa3bed4e1c75d00fa6f4e5e6922db7261b5e9acd2,1
0xa5b947687163fe88c3e6af5b17ae69896f4abccf,1
0xaaaebe6fe48e54f431b0c390cfaf0b017d09d42d,2
0xabea7663c472648d674bd3403d94c858dfeef728,1
0xae7ab96520de3a18e5e111b5eaab095312d7fe84,1
0xb0dd2cf11d0787146520ab39fbdc382f78dabb16,1
0xba5bde662c17e2adff1075610382b9b691296350,1
0xc834fa996fa3bec7aad3693af486ae53d8aa8b50,1
0xc94f3e2ade5e92389af7e543657211ecccaff11e,2
0xcaa9ed6d7502595b555113d4517668ae24038c8a,1
0xd2b49ba5c0685fabbe4a1a5da0c869b737746595,2
0xd75f1f81b69bdd4df8efbb70e9c6f4609009d753,1
0xddac9c604ba6bc4acec0fbb485b83f390ecf2f31,1
0xe41d2489571d322189246dafa5ebde1f4699f498,1
0xe6602b34d8510b033e000975b3322537c7172441,2
0xeb4c2781e4eba804ce9a9803c67d0893436bb27d,1
0xebd9d99a3982d547c5bb4db7e3b1f9f14b67eb83,1
0xec67005c4e498ec7f55e092bd1d35cbc47c91892,1
0xf65b5c5104c4fafd4b709d9d60a185eae063276c,1
0xfe88c952dfd9595f266bae053daaac411ccfaf07,1
0x011dc0cc547fe3b0c7b307cfc4f536aff7b04b19,1
0x02153ce115cbb861710ff94fcd569d42f8134baf,1
0x0ae055097c6d159879521c384f1d2123d1f195e6,7
0x0d438f3b5175bebc262bf23753c1e53d03432bde,1
0x120a3879da835a5af037bb2d1456bebd6b54d4ba,1
0x12e56851ec22874520dc4c7fa0a8a8d7dba1bac8,1
0x14b40ad2eba6c1b31db2ba817b07578afb414415,2
0x15d4c048f83bd7e37d49ea4c83a07267ec4203da,1
0x1c7e83f8c581a967940dbfa7984744646ae46b29,1
0x1cc29ee9dd8d9ed4148f6600ba5ec84d7ee85d12,1
0x1ceb5cb57c4d4e2b2433641b95dd330a33185a44,3
0x1e4ede388cbc9f4b5c79681b7f94d36a11abebc9,2
0x3155ba85d5f96b2d030a4966af206230e46849cb,1
0x33989e5182ffa5dbec09b02a830dd3f8e360647f,1
0x33d63ba1e57e54779f7ddaeaa7109349344cf5f1,1
0x3ed3ebab8059108cbef28e3d5b35016a5bdb66e3,1
0x4691937a7508860f876c9c0a2a617e7d9e945d4b,1
0x4abb9cc67bd3da9eb966d1159a71a0e68bd15432,1
0x4ccb3c1c10eec6f430ec15a3414bec27ee5cc1d3,1
0x59d1e836f7b7210a978b25a855085cc46fd090b5,1
0x5f87a2766492766715a9308136e8d24a305f862e,2
0x6781a0f84c7e9e846dcb84a9a5bd49333067b104,1
0x6c165a73dcce12127a6147ee4abf5a5ed6679f4e,1
0x73600f631dc373007da8dfcff57fb7283499c763,1
0x7a5d3a9dcd33cb8d527f7b5f96eb4fef43d55636,1
0x7fc66500c84a76ad7e9c93437bfc5ac33e2ddae9,1
0x8a8116a794744977941c7d3743517410969aacbb,1
0x9992ec3cf6a55b00978cddf2b27bc6882d88d1ec,1
0x9bd35a17c9c7c8820f89e0277e2046cdc57acb15,1
0x9f8f72aa9304c8b593d555f12ef6589cc3a579a2,1
0xa117000000f279d81a1d3cc75430faa017fa5a2e,1
0xa52bffad02b1fe3f86a543a4e81962d3b3bb01a7,1
0xacb025fb9e6ef8128d6ea6d80b7cb9dfce2b1401,5
0xae788f80f2756a86aa2f410c651f2af83639b95b,1
0xaf5191b0de278c7286d6c7cc6ab6bb8a73ba2cd6,1
0xcf0c122c6b73ff809c693db761e7baebe62b6a2e,2
0xd291e7a03283640fdc51b121ac401383a46cc623,2
0xdb769b78351544a16ebc8a04da40366a90583795,1
0xe635b156d3f2354a1fda06d3fc431f641931a5e4,1
0xe80c0cd204d654cebe8dd64a4857cab6be8345a3,1
0xedb0414627e6f1e3f082de65cd4f9c693d78cca9,1
0xeeeeeeeeeeeeeeeeeeeeeeeeeeeeeeeeeeeeeeee,1
0xeef9f339514298c6a857efcfc1a762af84438dee,1
0xf1dc500fde233a4055e25e5bbf516372bc4f6871,1
0xfb071cbf8522715362762dfce534989450df38c3,2
0xff20817765cb7f73d4bde2e66e067e58d11095c2,1
0x12bb890508c125661e03b09ec06e404bc9289040,1
0x1b6d67f6d6626120b7543fbd46e1d215931e4ee1,2
0x212ff7d88c55334b39c2aa676ef000a2c0856c67,2
0x243cacb4d5ff6814ad668c3e225246efa886ad5a,3
0x249e38ea4102d0cf8264d3701f1a0e39c4f2dc3b,1
0x260d5f9688353af138d35ece6f0cd9c80ef982dd,2
0x310c8f00b9de3c31ab95ea68feb6c877538f7947,1
0x31c8eacbffdd875c74b94b077895bd78cf1e64a3,1
0x321c2fe4446c7c963dc41dd58879af648838f98d,1
0x3abf2a4f8452ccc2cf7b4c1e4663147600646f66,1
0x48c276e8d03813224bb1e55f953adb6d02fd3e02,1
0x48c3399719b582dd63eb5aadf12a40b4c3f52fa2,1
0x491c0068480e94405f18f11b915a74609b9642cc,1
0x52190ca370fbb3b354976e7900e9b6787bc7d240,1
0x5ca381bbfb58f0092df149bd3d243b08b9a8386e,1
0x5e9f7e92e742f73b990dca63c88325ed24666e84,1
0x6123b0049f904d730db3c36a31167d9d4121fa6b,1
0x66761fa41377003622aee3c7675fc7b5c1c2fac5,2
0x686f2404e77ab0d9070a46cdfb0b7fecdd2318b0,1
0x6c3f90f043a72fa612cbac8115ee7e52bde6e490,1
0x8052327f1baf94a9dc8b26b9100f211ee3774f54,1
0x87de305311d5788e8da38d19bb427645b09cb4e5,3
0x8af5fedc0f263841c18f31d9dbcc97a47e1ab462,2
0x9e32b13ce7f2e80a01932b42553652e053d6ed8e,2
0x9e976f211daea0d652912ab99b0dc21a7fd728e4,1
0xaaa7a10a8ee237ea61e8ac46c50a8db8bcc1baaa,1
0xcf8335727b776d190f9d15a54e6b9b9348439eee,2
0xdc349913d53b446485e98b76800b6254f43df695,1
0xe1d7c7a4596b038ced2a84bf65b8647271c53208,1
0xe5b826ca2ca02f09c1725e9bd98d9a8874c30532,1
0xf85901e92d9a7672acc7c38fa53c41150567bcfa,1
0xfe2e637202056d30016725477c5da089ab0a043a,1
0x111111517e4929d3dcbdfa7cce55d30d4b6bc4d6,1
0x2a3bff78b79a009976eea096a51a948a3dc00e34,2
0x34d31446a522252270b89b09016296ec4c98e23d,1
0x37fe0f067fa808ffbdd12891c0858532cfe7361d,1
0x382a1667c9062f0621362f49076ef6e4fe4c9ec7,1
0x4de6233daa30d2b08cd1949e7b11ec91d6a100b7,2
0x507586012a126421c3669a64b8393fffa9c44462,1
0x62dc4817588d53a056cbbd18231d91ffccd34b2a,1
0x7c7cb2b538f3a599c813b4347511c6d02c0eb782,2
0x888888888888f195e27a2e0f98d712952ab9348e,1
0x8d1ce361eb68e9e05573443c407d4a3bed23b033,1
0xaaef88cea01475125522e117bfe45cf32044e238,1
0xb41f289d699c5e79a51cb29595c203cfae85f32a,1
0xbc6e06778708177a18210181b073da747c88490a,1
0xcb84d72e61e383767c4dfeb2d8ff7f4fb89abc6e,3
0xcbfef8fdd706cde6f208460f2bf39aa9c785f05d,1
0xccc8cb5229b0ac8069c51fd58367fd1e622afd97,1
0xda86006036540822e0cd2861dbd2fd7ff9caa0e8,1
0xde72a052cbb212eff11a4a33d61df9c5a2de8dd1,2
0xf57e7e7c23978c3caec3c3548e3d615c346e79ff,1
0xfae4ee59cdd86e3be9e8b90b53aa866327d7c090,1
0x0309c98b1bffa350bcb3f9fb9780970ca32a5060,1
0x0b6f3c17e1626a7cbfa4302ce4e3c45522d23a83,1
0x12b19d3e2ccc14da04fae33e63652ce469b3f2fd,1
0x28fda76721a8077a5de802ab0212849b8c38429e,1
0x295b42684f90c77da7ea46336001010f2791ec8c,1
0x2c7800f451bb32e8332b3cf5225590f5018d96a5,1
0x3106a0a076bedae847652f42ef07fd58589e001f,1
0x32e6c34cd57087abbd59b5a4aecc4cb495924356,1
0x3d1f5e133c2988d14a0c13bdd2b58d260e74ef9a,1
0x40fd72257597aa14c7231a7b1aaa29fce868f677,1
0x44709a920fccf795fbc57baa433cc3dd53c44dbe,1
0x62b9c7356a2dc64a1969e19c23e4f579f9810aa7,1
0x758b4684be769e92eefea93f60dda0181ea303ec,1
0x84cffa78b2fbbeec8c37391d2b12a04d2030845e,1
0x94c9ceb2f9741230fad3a62781b27cc79a9460d4,1
0xa8c8cfb141a3bb59fea1e2ea6b79b5ecbcd7b6ca,1
0xb0d47dd82fb8facb1bc4ba534a836b545ad97d2b,1
0xb2089a7069861c8d90c8da3aacab8e9188c0c531,3
0xb4a81261b16b92af0b9f7c4a83f1e885132d81e4,1
0xbd31ea8212119f94a611fa969881cba3ea06fa3d,2
0xc221b7e65ffc80de234bbb6667abdd46593d34f0,1
0xcc4304a31d09258b0029ea7fe63d032f52e44efe,1
0xd2877702675e6ceb975b4a1dff9fb7baf4c91ea9,2
0xd31a59c85ae9d8edefec411d448f90841571b89c,1
0xd567b5f02b9073ad3a982a099a23bf019ff11d1c,1
0xed40834a13129509a89be39a9be9c0e96a0ddd71,4
0xf1b99e3e573a1a9c5e6b2ce818b617f0e664e86b,1
0x1494ca1f11d487c2bbe4543e90080aeba4ba3c2b,1
0x1712aad2c773ee04bdc9114b32163c058321cd85,1
0x1fee5588cb1de19c70b6ad5399152d8c643fae7b,1
0x20d4db1946859e2adb0e5acc2eac58047ad41395,1
0x24196b54b6400049f69fa7f92c3634dfa44689f0,1
0x2653891204f463fb2a2f4f412564b19e955166ae,1
0x27192b750ff796514f039512aaf5a3655a095ea0,1
0x299e82279a5f30f9d8b747bc41a7eeb405a72dd8,1
0x2af1df3ab0ab157e1e2ad8f88a7d04fbea0c7dc6,1
0x4ce2e13c2bd7e1c8a42d4652fc7883af23c4b087,1
0x58fad9e3c3ae54c9ba98c3f0e4bf88ab3e8cf3c5,1
0x5fe8c486b5f216b9ad83c12958d8a03eb3fd5060,2
0x6afb94c865005d892ce70ab7b3fd43a63576778e,1
0x752efadc0a7e05ad1bcccda22c141d01a75ef1e4,1
0x785c34312dfa6b74f6f1829f79ade39042222168,1
0x7c47101e5814a17f4165ef321e7d836000457cc6,2
0x7f39c581f595b53c5cb19bd0b3f8da6c935e2ca0,1
0x8129b03c15ec6e7373b57de20e60d023b8f377f3,1
0x99ea4db9ee77acd40b119bd1dc4e33e1c070b80d,1
0xaa7fb1c8ce6f18d4fd4aabb61a2193d4d441c54f,1
0xbede1f59fa4412556fef69f1b9969f2003e3f8c1,1
0xe0a189c975e4928222978a74517442239a0b86ff,1
0xe70ea90718fd21471db240f3bae343daece65f53,1
0xec8e9a926e9ddcb9c0dec6fb7ec6dcf8ffebef08,1
0xef56bbebb114a097430c41542d594785b219dd7e,1
0xfb782396c9b20e564a64896181c7ac8d8979d5f4,1
0x0f5d2fb29fb7d3cfee444a200298f468908cc942,1
0x120c4999b36d96643507384bf2f3da6bddafad07,2
0x15874d65e649880c2614e7a480cb7c9a55787ff6,1
0x192a228eb1cdfc9dc2c9730a6b8d921544ca030a,2
0x1e2f15302b90edde696593607b6bd444b64e8f02,1
0x1ffe8a8177d3c261600a8bd8080d424d64b7fbc2,1
0x217ddead61a42369a266f1fb754eb5d3ebadc88a,1
0x23155c354d6cc89fdd6af60c5e0fced32b494fbc,1
0x427a03fb96d9a94a6727fbcfbba143444090dd64,1
0x47dac6bd80f024575a6d367af5ba8e89202a09fc,1
0x49bc8340acd3521150d7ccd8a4a3510d2f5130ca,2
0x51cb253744189f11241becb29bedd3f1b5384fdb,1
0x5228a22e72ccc52d415ecfd199f99d0665e7733b,1
0x5cd2fac9702d68dde5a94b1af95962bcfb80fc7d,1
0x64d91f12ece7362f91a6f8e7940cd55f05060b92,1
0x73a83269b9bbafc427e76be0a2c1a1db2a26f4c2,1
0x7659ce147d0e714454073a5dd7003544234b6aa0,1
0x7b0c06043468469967dba22d1af33d77d44056c8,1
0x82c2f739f4af3b401a9f78d9a0d6844db485f098,1
0x8ae340d333ffb274969f505a6520b91024bc856c,1
0x91376343e5310143acd93eb4cf25bc4ecc47bd5b,1
0x9590d8c06ba451bbad0893f2ef0d2a8b5acc67d3,1
0x9b02dd390a603add5c07f9fd9175b7dabe8d63b7,1
0x9f52c8ecbee10e00d9faaac5ee9ba0ff6550f511,1
0xab167e816e4d76089119900e941befdfa37d6b32,1
0xaea46a60368a7bd060eec7df8cba43b7ef41ad85,1
0xbc45eba812550481e624a3b1baa81ce7744f2e43,1
0xc22b30e4cce6b78aaaadae91e44e73593929a3e9,1
0xc9e23b11e540a2c615f3fdd59385e3d94f4422d4,4
0xd01075d39fd760a52932da3bde0474d3f5500c3c,2
0xd6327ce1fb9d6020e8c2c0e124a1ec23dcab7536,1
0xdb820690e855dc6071a702b56561e1c63ccb6e2f,1
0xdbe2c3a5fe6befa0e9b6be73467b7500bff983b4,1
0xdd1ad9a21ce722c151a836373babe42c868ce9a4,4
0xe4815ae53b124e7263f08dcdbbb757d41ed658c6,1
0xe81b6ef5ef04972d9d0548848024058b59d00ff0,2
0xf1a91c7d44768070f711c68f33a7ca25c8d30268,1
0xfb5c6815ca3ac72ce9f5006869ae67f18bf77006,1
0xfcbcebaada7f2563b40b7ad9695e18b354b2b1ae,1
0x10010078a54396f62c96df8532dc2b4847d47ed3,1
0x155ff1a85f440ee0a382ea949f24ce4e0b751c65,1
0x1abaea1f7c830bd89acc67ec4af516284b1bc33c,1
0x227cb9abb8ec6b23c4efd5a1c4fa93883dc5ef66,1
0x2e1e15c44ffe4df6a0cb7371cd00d5028e571d14,1
0x39fbbabf11738317a448031930706cd3e612e1b9,1
0x46e98ffe40e408ba6412beb670507e083c8b95ff,1
0x60eb57d085c59932d5faa6c6026268a4386927d0,1
0x6399c842dd2be3de30bf99bc7d1bbf6fa3650e70,2
0x8fc8f8269ebca376d046ce292dc7eac40c8d358a,1
0x9340327a04efd84c1c14ce939025c6c4847a1ff8,2
0x9ac59862934ebc36072d4d8ada37c62373a13856,1
0x9b00e6e8d787b13756eb919786c9745054db64f9,1
0x9c2dc0c3cc2badde84b0025cf4df1c5af288d835,1
0xa3c56427683a19f7574b9fc219cfd27d5d6e87fa,2
0xa47c8bf37f92abed4a126bda807a7b7498661acd,1
0xa9ff725189fe00da9c5f27a580dc67fea61e3fb2,1
0xb4efd85c19999d84251304bda99e90b92300bd93,1
0xb5588c411ba0bb7d38865fdc51d082d004e519f7,1
0xb64ef51c888972c908cfacf59b47c1afbc0ab8ac,2
0xc146b7cdbaff065090077151d391f4c96aa09e0c,2
0xc57c89f70521ea9d727c2a739632fccbb8f327b4,2
0xd33b79f237508251e5740c5229f2c8ea47ee30c8,2
0xd947b0ceab2a8885866b9a04a06ae99de852a3d4,1
0xeb986da994e4a118d5956b02d8b7c3c7ce373674,1
0xf578870014ad85f1a76a7dde5e6768d5f48d6730,4
0xf91ac30e9b517f6d57e99446ee44894e6c22c032,1
0x0d88ed6e74bbfd96b831231638b66c05571e824f,1
0x2370f9d504c7a6e775bf6e14b3f12846b594cd53,1
0x2c5bcad9ade17428874855913def0a02d8be2324,1
0x364fcd7325c035cc4f2cde8b6c8d7df5e7db6589,1
0x38baaead4781ce211c3bd2b61f1c6a8320f4ec20,2
0x3aada3e213abf8529606924d8d1c55cbdc70bf74,1
0x42bbfa2e77757c645eeaad1655e0911a7553efbc,1
0x45804880de22913dafe09f4980848ece6ecbaf78,1
0x706cb9e741cbfee00ad5b3f5acc8bd44d1644a74,1
0x7121d00b4fa18f13da6c2e30d19c04844e6afdc8,1
0x7777777777697cfeecf846a76326da79cc606517,1
0x79256db1bdb6259315a1a3d7dd237f69cadfd8fc,1
0x80fb784b7ed66730e8b1dbd9820afd29931aab03,1
0x875773784af8135ea0ef43b5a374aad105c5d39e,1
0x87d73e916d7057945c9bcd8cdd94e42a6f47f776,1
0x92925acf2771bc59143228499f9610fe5176eb9c,1
0x94e9eb8b5ab9fd6b9ea3169d55ffade62a01702e,1
0xb5410da737379f93301c06b17c3c61fec95eac4c,1
0xc631be100f6cf9a7012c23de5a6ccb990eafc133,1
0xca4532240e7997c004b17159c4c8772402d638f4,2
0xe28b3b32b6c345a34ff64674606124dd5aceca30,1
0x0173661769325565d4f011b2e5cda688689cc87c,1
0x050d94685c6b0477e1fc555888af6e2bb8dfbda5,1
0x0c62c726f480ce03fb62ba5cdf7a49f440c3e1ed,2
0x1e9d0bb190ac34492aa11b80d28c1c86487a341f,1
0x33d203fa03bb30b133de0fe2d6533c268ba286b6,1
0x3ea8ea4237344c9931214796d9417af1a1180770,1
0x40a11f82a8469c8dc015ba74438536584978d63c,2
0x47d920a911cb9a0ad4618698ba3fef800abc868d,1
0x557b933a7c2c45672b610f8954a3deb39a51a8ca,1
0x6adb2e268de2aa1abf6578e4a8119b960e02928f,1
0x6e8908cfa881c9f6f2c64d3436e7b80b1bf0093f,1
0x725a0f04bf86d89f45d906610881dbd284b94171,2
0x7475c42f8bf2c19f4eaf12feaababa859fdc8914,3
0x78132543d8e20d2417d8a07d9ae199d458a0d581,1
0x7dbbcae15d4db168e01673400d7844870cc1e36f,1
0x8a3d77e9d6968b780564936d15b09805827c21fa,1
0x97b65710d03e12775189f0d113202cc1443b0aa2,1
0xaaaaaa20d9e0e2461697782ef11675f668207961,1
0xb000000001b0f298442607acfe543b3981c7eaa0,1
0xb53ecf1345cabee6ea1a65100ebb153cebcac40f,1
0xbb0e17ef65f82ab018d8edd776e8dd940327b28b,1
0xbb126042235e6bd38b17744cb31a8bf4a206c045,1
0xc0ba369c8db6eb3924965e5c4fd0b4c1b91e305f,1
0xde30da39c46104798bb5aa3fe8b9e0e1f348163f,1
0xe1030b48b2033314979143766d7dc1f40ef8ce11,1
0xee9801669c6138e84bd50deb500827b776777d28,1
0xfd5ca27681b05247f4beed8aa4353d513dd0d4f1,2
0x0d31df7dedd78649a14aae62d99ccb23abcc3a5a,1
0x15b543e986b8c34074dfc9901136d9355a537e7e,1
0x1fd19dbdc459422d88cf83ccbe9d8142bd8b7a53,1
0x1fe24f25b1cf609b9c4e7e12d802e3640dfa5e43,1
0x20f6a313cb250062331fe70b9567e3ee5f01888b,1
0x2ee543b8866f46cc3dc93224c6742a8911a59750,1
0x35c807edb46fb6a4b310a74f4801ecdb6b8ff36b,2
0x410e731c2970dce3add351064acf5ce9e33fdbf0,1
0x4a220e6096b25eadb88358cb44068a3248254675,1
0x4cc19356f2d37338b9802aa8e8fc58b0373296e7,1
0x509a38b7a1cc0dcd83aa9d06214663d9ec7c7f4a,1
0x5af2be193a6abca9c8817001f45744777db30756,1
0x5f20f15d40f24dae50a72be3b5edddddfb5a5bd0,1
0x6bba316c48b49bd1eac44573c5c871ff02958469,1
0x6d60fc09e99f1cb2e174422ff9a81d89aef1befb,2
0x7420b4b9a0110cdc71fb720908340c03f9bc03ec,1
0x77fba179c79de5b7653f68b5039af940ada60ce0,1
0x795dbf627484f8248d3d6c09c309825c1563e873,1
0x7e77dcb127f99ece88230a64db8d595f31f1b068,1
0x8642a849d0dcb7a15a974794668adcfbe4794b56,1
0x8686525d6627a25c68de82c228448f43c97999f2,1
0x8b3870df408ff4d7c3a26df852d41034eda11d81,1
0x95aa5d2dbd3c16ee3fdea82d5c6ec3e38ce3314f,1
0xa393473d64d2f9f026b60b6df7859a689715d092,1
0xbe1fa1303e2979ab4d4e5df3d1c6e3656acab027,1
0xc434b27736a6882d33094d34792999702860a13c,1
0xc4c75f2a0cb1a9acc33929512dc9733ea1fd6fde,1
0xcc8fa225d80b9c7d42f96e9570156c65d6caaa25,1
0xd46ba6d942050d489dbd938a2c909a5d5039a161,1
0xddd6a0ecc3c6f6c102e5ea3d8af7b801d1a77ac8,1
0xedc511cd6cf92877f755c3641141d416d65a4e10,1
0xee573a945b01b788b9287ce062a0cfc15be9fd86,1
0xf418588522d5dd018b425e472991e52ebbeeeeee,1
0xf59ae934f6fe444afc309586cc60a84a0f89aaea,1
0x044727e50ff30db57fad06ff4f5846eab5ea52a2,1
0x09a3ecafa817268f77be1283176b946c4ff2e608,1
0x0fd10b9899882a6f2fcb5c371e17e70fdee00c38,1
0x2d94aa3e47d9d5024503ca8491fce9a2fb4da198,1
0x3301ee63fb29f863f2333bd4466acb46cd8323e6,3
0x34769d3e122c93547836addd3eb298035d68f1c3,1
0x3e362283b86c1b45097cc3fb02213b79cf6211df,1
0x4cf89ca06ad997bc732dc876ed2a7f26a9e7f361,1
0x50de6856358cc35f3a9a57eaaa34bd4cb707d2cd,1
0x61e28942171eee7f9ea4e25be9ce1b08c81ea514,1
0x70e67ec0939ec87c3a77b089ca08e0443ea4a177,1
0x744d70fdbe2ba4cf95131626614a1763df805b9e,1
0x794107faf396869c60a4bc45afd4714f59b16db7,2
0x954ad84312d8e2a173cd0125f3467d23c2248ef4,2
0xa0b73e1ff0b80914ab6fe0444e65848c4c34450b,1
0xa67b8e40111a0edd30c3210b77aadb86ad234c43,2
0xb4d930279552397bba2ee473229f89ec245bc365,1
0xbc21967ebaf2039731682f8a743be6f58f721495,2
0xc0c3caf681b3156a8479ed1276fc02a816a8ed20,1
0xc4c2614e694cf534d407ee49f8e44d125e4681c4,1
0xc52615170fefabc6c1e3912a442c62e61e02e5c6,2
0xc73c167e7a4ba109e4052f70d5466d0c312a344d,1
0xf72fcd9dcf0190923fadd44811e240ef4533fc86,1
0xf9fbe825bfb2bf3e387af0dc18cac8d87f29dea8,1
0xfc979087305a826c2b2a0056cfaba50aad3e6439,1
0xfffffffff15abf397da76f1dcc1a1604f45126db,1
0x01aa6dabbf3018f6b3e61626cc26f6100f44a9aa,2
0x03c7a08451ed5c820958d64116d74de1f7b285d8,3
0x0913ddae242839f8995c0375493f9a1a3bddc977,1
0x0a201fcdccb0675ee452b33ff19f05eefd7e61be,2
0x15f2ed83abef5cdc462975310b958c237eae4710,1
0x1b7fdcd1b3351da19708724f780f7b135895c6f3,2
0x25140361e3c6133e63d43a590ec8975fc8ed11bc,1
0x47110d43175f7f2c2425e7d15792acc5817eb44f,1
0x51fe2e572e97bfeb1d719809d743ec2675924edc,2
0x56015bbe3c01fe05bc30a8a9a9fd9a88917e7db3,2
0x58f9102bf53cf186682bd9a281d3cd3c616eec41,1
0x675bbc7514013e2073db7a919f6e4cbef576de37,1
0x72e364f2abdc788b7e918bc238b21f109cd634d7,1
0x734c90044a0ba31b3f2e640c10dc5d3540499bfd,1
0x73a058da53220d25bcb2c4cb8ff8520626ea26e7,1
0x73c07d0ba6564d19d66a731d2336f3b7e201ed89,2
0x8c0383da2964695cb28906f4054ec756b6166478,1
0x9469d013805bffb7d3debe5e7839237e535ec483,1
0x947aeb02304391f8fbe5b25d7d98d649b57b1788,2
0x9996a4ac33cf213aa866f940f43ad4c1530291d0,2
0x9b812c65529ec7d20ab630235ae20fde022c8ad3,1
0xaf96666139331f90efdd59ab8cf8344367b9bb6f,1
0xb26631c6dda06ad89b93c71400d25692de89c068,1
0xb8e3bb633f7276cc17735d86154e0ad5ec9928c0,2
0xc08512927d12348f6620a698105e1baac6ecd911,1
0xc0c293ce456ff0ed870add98a0828dd4d2903dbf,1
0xc6bdb96e29c38dc43f014eed44de4106a6a8eb5f,1
0xd7efb00d12c2c13131fd319336fdf952525da2af,1
0xdc9ac3c20d1ed0b540df9b1fedc10039df13f99c,1
0xe9f84de264e91529af07fa2c746e934397810334,1
0x0e58ed58e150dba5fd8e5d4a49f54c7e1e880124,1
0x14da230d6726c50f759bc1838717f8ce6373509c,1
0x23884885ef033ac33093473ae9e60825a4c1c39c,1
0x269616d549d7e8eaa82dfb17028d0b212d11232a,1
0x286bda1413a2df81731d4930ce2f862a35a609fe,1
0x2e9d63788249371f1dfc918a52f8d799f4a38c94,1
0x317eb4ad9cfac6232f0046831322e895507bcbeb,1
0x3fee8a23500131ce11a7429cfcd8e713b7eed676,2
0x5218e472cfcfe0b64a064f055b43b4cdc9efd3a6,2
0x6fb3e0a217407efff7ca062d46c26e5d60a14d69,1
0x70bef3bb2f001da2fddb207dae696cd9faff3f5d,1
0x7a2bc711e19ba6aff6ce8246c546e8c4b4944dfd,1
0x8604426285d5e582f48dced5c266055e7991a078,3
0x993864e43caa7f7f12953ad6feb1d1ca635b875f,2
0xa71d0588eaf47f12b13cf8ec750430d21df04974,1
0xb83c27805aaca5c7082eb45c868d955cf04c337f,1
0xcb8fb2438a805664cd8c3e640b85ac473da5be87,1
0xd5d86fc8d5c0ea1ac1ac5dfab6e529c9967a45e9,2
0xe995b16e3afaa22a83215e34e46213284a71d2ff,2
0xed35af169af46a02ee13b9d79eb57d6d68c1749e,1
0x0391d2021f89dc339f60fff84546ea23e337750f,1
0x20e7125677311fca903a8897042b9983f22ea295,1
0x255aa6df07540cb5d3d297f0d0d4d84cb52bc8e6,1
0x2f424db3c250b8b2703517560ab4f0158c1a9f53,1
0x2ffc2e7a7525e6ae86c303ec1f4e49d319994c9a,1
0x4da08a1bff50be96bded5c7019227164b49c2bfc,2
0x4fe5851c9af07df9e5ad8217afae1ea72737ebda,1
0x62d3c05b9c3d916fbc111819bbd3cee52906c1ae,1
0x6911f552842236bd9e8ea8ddbb3fb414e2c5fa9d,1
0x852e5427c86a3b46dd25e5fe027bb15f53c4bcb8,1
0x85f17cf997934a597031b2e18a9ab6ebd4b9f6a4,1
0x86772b1409b61c639eaac9ba0acfbb6e238e5f83,1
0x8a854288a5976036a725879164ca3e91d30c6a1b,1
0x90815e9ca505e2de2310873a11593a2af3822831,2
0x9695e0114e12c0d3a3636fab5a18e6b737529023,1
0x9a962e0b686517e3d88509cb8ca584d8ba9a83b5,2
0xe22020f47b7378dfedcedd2c81d4137c22fe1152,1
0xe61776305003d700fbc8318da97806032a3b08ed,1
0xfa5047c9c78b8877af97bdcb85db743fd7313d4a,1
0xfad45e47083e4607302aa43c65fb3106f1cd7607,1
0xfc0d6cf33e38bce7ca7d89c0e292274031b7157a,1
0x0258f474786ddfd37abce6df6bbb1dd5dfc4434a,1
0x0de05f6447ab4d22c8827449ee4ba2d5c288379b,1
0x1117ac6ad6cdf1a3bc543bad3b133724620522d5,1
0x195d61f708b54a3c5dd76c91e236cbf86a09bd1a,1
0x20bc832ca081b91433ff6c17f85701b6e92486c5,1
0x2f6ad7743924b1901a0771746152dde44c5f11de,1
0x304243a820d4a3718becc89a3f33513586162cf0,1
0x3f9bec82c776c47405bcb38070d2395fd18f89d3,1
0x493cbbd4a5da462e3dbc3e5c8e2a1e37d1d03cac,1
0x5f64ab1544d28732f0a24f4713c2c8ec0da089f0,1
0x69af81e73a73b40adf4f3d4223cd9b1ece623074,1
0xe76c6c83af64e4c60245d8c7de953df673a7a33d,1
0x04fa0d235c4abf4bcf4787af4cf447de572ef828,4
0x0954906da0bf32d5479e25f46056d22f08464cab,1
0x0bc529c00c6401aef6d220be8c6ea1667f6ad93e,1
0x1776e1f26f98b1a5df9cd347953a26dd3cb46671,1
0x178c820f862b14f316509ec36b13123da19a6054,1
0x2c9aceb63181cd08a093d052ec041e191f229692,1
0x35156b404c3f9bdaf45ab65ba315419bcde3775c,1
0x362bc847a3a9637d3af6624eec853618a43ed7d2,1
0x374cb8c27130e2c9e04f44303f3c8351b9de61c1,1
0x3d371413dd5489f3a04c07c0c2ce369c20986ceb,1
0x3d658390460295fb963f54dc0899cfb1c30776df,1
0x418d75f65a02b3d53b2418fb8e1fe493759c7605,1
0x4946fcea7c692606e8908002e55a582af44ac121,1
0x582d872a1b094fc48f5de31d3b73f2d9be47def1,1
0x74faab6986560fd1140508e4266d8a7b87274ffd,1
0x7dd9c5cba05e151c895fde1cf355c9a1d5da6429,1
0x7ddc52c4de30e94be3a6a0a2b259b2850f421989,1
0x8f693ca8d21b157107184d29d398a8d082b38b76,1
0xa0246c9032bc3a600820415ae600c6388619a14d,1
0xb17548c7b510427baac4e267bea62e800b247173,1
0xba50933c268f567bdc86e1ac131be072c6b0b71a,1
0xdd974d5c2e2928dea5f71b9825b8b646686bd200,1
0xde4ee8057785a7e8e800db58f9784845a5c2cbd6,1
0xe218a21d03dea706d114d9c4490950375f3b7c05,1
0xeca82185adce47f39c684352b0439f030f860318,1
0xf433089366899d83a9f26a773d59ec7ecf30355e,1
0xf7d142a354322c7560250caa0e2a06c89649e4c2,1
0x009668a9691e456972c8ec4cc84e99486308b84d,1
0x2602278ee1882889b946eb11dc0e810075650983,2
0x37613d64258c0fe09d5e53eecb091da5b8fa8707,1
0x54025988881a697a12da1499423c92b7b841d852,1
0x55f729eb9b362947f06d516f6a87c2470c45cf3d,2
0x6b4c7a5e3f0b99fcd83e9c089bddd6c7fce5c611,1
0x7042c54eb604a0dfc3a7bfbda95bc75cc628cbab,2
0x8355dbe8b0e275abad27eb843f3eaf3fc855e525,1
0xb5c578947de0fd71303f71f2c3d41767438bd0de,1
0xb94cb02d0f18229ff31519a938a26bcac1f2f692,1
0xb9eefc4b0d472a44be93970254df4f4016569d27,1
0xee6b9cf11d968e0bac7bfff547577b8ae35b8065,1
0xfbace2b5ab96a23bca69620488f5ce17f65bd32a,1
0x14409b0fc5c7f87b5dad20754fe22d29a3de8217,1
0x24ccedebf841544c9e6a62af4e8c2fa6e5a46fde,1
0x3dd98c8a089dbcff7e8fc8d4f532bd493501ab7f,1
0x5dbcf33d8c2e976c6b560249878e6f1491bca25c,1
0x618e75ac90b12c6049ba3b27f5d5f8651b0037f6,1
0x77777777772cf0455fb38ee0e75f38034dfa50de,1
0x99d8a9c45b2eca8864373a26d1459e3dff1e17f3,1
0x9ab7bb7fdc60f4357ecfef43986818a2a3569c62,1
0xb09852666872571d6528fb4d1de752b3a151dd50,2
0xe1747a23c44f445062078e3c528c9f4c28c50a51,2
0xe2a083397521968eb05585932750634bed4b7d56,2
0x005d1123878fc55fbd56b54c73963b234a64af3c,1
0x05d3606d5c81eb9b7b18530995ec9b29da05faba,2
0x25f8087ead173b73d6e8b84329989a8eea16cf73,1
0x28cb7e841ee97947a86b06fa4090c8451f64c0be,1
0x44017598f2af1bd733f9d87b5017b4e7c1b28dde,1
0x505a84a03e382331a1be487b632cf357748b65d6,1
0x51e06c3468c230be0aeaeac44cd7be5dd7fed4d9,3
0xac0c8da4a4748d8d821a0973d00b157aa78c473d,1
0xb0c7a3ba49c7a6eaba6cd4a96c55a1391070ac9a,1
0xb1f66997a5760428d3a87d68b90bfe0ae64121cc,1
0xb29edff8345b9d8039d8b9471c027d6e458a3c02,1
0xbbd900e05b4af2124390d206f70bc4e583b1be85,6
0xdf5e0e81dff6faf3a7e52ba697820c5e32d806a8,1
0xe4e822c0d5b329e8bb637972467d2e313824efa0,1
0xe9a95d175a5f4c9369f3b74222402eb1b837693b,1
0x0b38210ea11411557c13457d4da7dc6ea731b88a,1
0x0b569fa433faa7f01f3ea880193de38044b41de0,1
0x0f51bb10119727a7e5ea3538074fb341f56b09ad,4
0x1b9baf2a3edea91ee431f02d449a1044d5726669,1
0x1c9922314ed1415c95b9fd453c3818fd41867d0b,1
0x2217e5921b7edfb4bb193a6228459974010d2198,1
0x33349b282065b0284d756f0577fb39c158f935e6,1
0x467bccd9d29f223bce8043b84e8c8b282827790f,1
0x62359ed7505efc61ff1d56fef82158ccaffa23d7,1
0x892a6f9df0147e5f079b0993f486f9aca3c87881,1
0x956f47f50a910163d8bf957cf5846d573e7f87ca,1
0x990f341946a3fdb507ae7e52d17851b87168017c,1
0x9b31bb425d8263fa1b8b9d090b83cf0c31665355,1
0xa0cf46eb152656c7090e769916eb44a138aaa406,1
0xa4bdb11dc0a2bec88d24a3aa1e6bb17201112ebe,1
0xa67e9f021b9d208f7e3365b2a155e3c55b27de71,1
0xa91c82b6933105c23298e631a0c1be751d239162,1
0xabe580e7ee158da464b51ee1a83ac0289622e6be,1
0xd417144312dbf50465b1c641d016962017ef6240,1
0xd9016a907dc0ecfa3ca425ab20b6b785b42f2373,1
0xda9fdab21bc4a5811134a6e0ba6ca06624e67c07,1
0xdb792b1d8869a7cfc34916d6c845ff05a7c9b789,1
0xe1406825186d63980fd6e2ec61888f7b91c4bae4,1
0xf6ee08fa550e1cb08c0821a4da8cea57b8909d2e,1
0x0b498ff89709d3838a063f1dfa463091f9801c2b,1
0x1037823c20c6867c9d40967eedbc4ba41efc97df,2
0x3f4cd830543db25254ec0f05eac058d4d6e86166,1
0x4297394c20800e8a38a619a243e9bbe7681ff24e,1
0x544c42fbb96b39b21df61cf322b5edc285ee7429,1
0x74451d2240ef9e86b3cea815378af61566b81856,1
0x84fa8f52e437ac04107ec1768764b2b39287cb3e,2
0x8b5728669f1ff5bd14047d097ccdf0aac1cb25f7,1
0x954b890704693af242613edef1b603825afcd708,2
0x9b83f827928abdf18cf1f7e67053572b9bceff3a,1
0x9f009d03e1b7f02065017c90e8e0d5cb378eb015,2
0xbf0f3ccb8fa385a287106fba22e6bb722f94d686,1
0xc133529e57681b2999708f9458be5634e293995e,1
0xd26114cd6ee289accf82350c8d8487fedb8a0c07,1
0xf5b5efc906513b4344ebabcf47a04901f99f09f3,1
0xfca59cd816ab1ead66534d82bc21e7515ce441cf,1
0x01597e397605bf280674bf292623460b4204c375,1
0x1a4b46696b2bb4794eb3d4c26f1c55f9170fa4c5,1
0x269941f4c5ab86756e1f4adc8f6ea0955715b164,1
0x27054b13b1b798b345b591a4d22e6562d47ea75a,1
0x3703f712945f8111fe2c5f9ae155a52560e2065c,1
0x3845badade8e6dff049820680d1f14bd3903a5d0,1
0x38e4adb44ef08f22f5b5b76a8f0c2d0dcbe7dca1,1
0x43ab765ee05075d78ad8aa79dcb1978ca3079258,1
0x4521c9ad6a3d4230803ab752ed238be11f8b342f,2
0x666d875c600aa06ac1cf15641361dec3b00432ef,1
0x70ae7fd62d96778fc2856ef95cbd5f1c30e1b7ad,1
0x7d29a64504629172a429e64183d6673b9dacbfce,4
0x7d647b1a0dcd5525e9c6b3d14be58f27674f8c95,1
0x88df592f8eb5d7bd38bfef7deb0fbc02cf3778a0,1
0x8f8221afbb33998d8584a2b05749ba73c37a938a,1
0x91e8d1b5f386204a82e6de32d4bae11d0b042f0f,2
0xa0e5515e3587ebce57f5da9ba6a952fc7a5c255d,2
0xbbbbca6a901c926f240b89eacb641d8aec7aeafd,3
0xc39afaac91dd1771bdbca651f001a68b92e18fe7,2
0xd37d4cae7aebb47adab943deb28a52a2d626facc,1
0xdab396ccf3d84cf2d07c4454e10c8a6f5b008d2b,1
0xdf2c7238198ad8b389666574f2d8bc411a4b7428,3
0x0000000000095413afc295d19edeb1ad7b71c952,1
0x16f78145ad0b9af58747e9a97ebd99175378bd3d,1
0x1dd80016e3d4ae146ee2ebb484e8edd92dacc4ce,1
0x6758b7d441a9739b98552b373703d8d3d14f9e62,1
0x903bef1736cddf2a537176cf3c64579c3867a881,1
0xa8b93d0ce5e095897c3512c6f4e2becb8f0addf1,2
0xb6ed7644c69416d67b522e20bc294a9a9b405b31,2
0xc18c07a18198a6340cf4d94855fe5eb6dd33b46e,1
0xc3761eb917cd790b30dad99f6cc5b4ff93c4f9ea,1
0xcd7492db29e2ab436e819b249452ee1bbdf52214,1
0xe4b895820f163b957d166f5a8ccc444e1fac4ff3,1
0xfee5f54e1070e7ed31be341e0a5b1e847f6a84ab,1
0x1a7e4e63778b4f12a199c062f3efdd288afcbce8,1
0x24a6a37576377f63f194caa5f518a60f45b42921,1
0x298d492e8c1d909d3f63bc4a36c66c64acb3d695,3
0x375abb85c329753b1ba849a601438ae77eec9893,1
0x3a880652f47bfaa771908c07dd8673a787daed3a,1
0x419c4db4b9e25d6db2ad9691ccb832c8d9fda05e,1
0x4206931337dc273a630d328da6441786bfad668f,1
0x52f4d5ee6c91e01be67ca1f64b11ed0ee370817d,1
0x56123908aca89bf60ce9659ae9f4589e46c8d2cf,1
0x656c00e1bcd96f256f224ad9112ff426ef053733,1
0x66d28cb58487a7609877550e1a34691810a6b9fc,1
0x70e8de73ce538da2beed35d14187f6959a8eca96,1
0xaa6e8127831c9de45ae56bb1b0d4d4da6e5665bd,1
0xb6ff96b8a8d214544ca0dbc9b33f7ad6503efd32,1
0xbea16e7ad33a4e98092cf5335f1dc45a74f5102b,1
0xc28e27870558cf22add83540d2126da2e4b464c2,1
0xc477d038d5420c6a9e0b031712f61c5120090de9,1
0xc61e699b4110ff7107faff16c5e00ccbb4aff45a,2
0xcfeb09c3c5f0f78ad72166d55f9e6e9a60e96eec,1
0xd98f75b1a3261dab9eed4956c93f33749027a964,1
0xf17bafedcd8e7e2dfc33df1fc62286095e55bc3f,2
0x0bb217e40f8a5cb79adf04e1aab60e5abd0dfc1e,1
0x1093a9012607321363bb527d78f69a493e211da0,1
0x10eca89be7f6030dea9dc918beb9855c6c832cd0,2
0x1337def16f9b486faed0293eb623dc8395dfe46a,2
0x18222a762bf67024193de25e1cdc7aa6e614c695,1
0x56befbcb59405d2fd332622435150d0f80ae5f46,1
0x5b1d655c93185b06b00f7925791106132cb3ad75,1
0x6c6ee5e31d828de241282b9606c8e98ea48526e2,2
0xcafe001067cdef266afb7eb5a286dcfd277f3de5,1
0xd528cf2e081f72908e086f8800977df826b5a483,1
0xeb953eda0dc65e3246f43dc8fa13f35623bdd5ed,1
0x038a68ff68c393373ec894015816e33ad41bd564,2
0x1294198dc20aff4aca4e25c26a594b539fa750db,1
0x1e64004083230cac6fd6e8e337ff44c85fd0e7b6,1
0x2a49dfb9da871c3dd599660c1e1cd493a5acb97f,1
0x2f109021afe75b949429fe30523ee7c0d5b27207,1
0x3506424f91fd33084466f402d5d97f05f8e3b4af,2
0x406b9dca8b52f08385014ec1ed1cf6a0d5c01289,1
0x470ebf5f030ed85fc1ed4c2d36b9dd02e77cf1b7,1
0x89ab32156e46f46d02ade3fecbe5fc4243b9aaed,1
0x8a2279d4a90b6fe1c4b30fa660cc9f926797baa2,1
0xa2fe5e51729be71261bcf42854012827bc44c044,1
0xa87135285ae208e22068acdbff64b11ec73eaa5a,1
0xb6c4267c4877bb0d6b1685cfd85b0fbe82f105ec,1
0xbf8afd551270f54bb935b1b77877ca0fd4a447d1,6
0xf411903cbc70a74d22900a5de66a2dda66507255,1
0xf63f99a11e01b7e3b8568316947324f24e83fddc,1
0x015b6afefea8e7898e7918b1e838149bc8f3576d,2
0x037a54aab062628c9bbae1fdb1583c195585fe41,1
0x0eff9148b9b124cea29f7ecf04b95c317599e7b4,1
0x16484d73ac08d2355f466d448d2b79d2039f6ebb,1
0x20a8cec5fffea65be7122bcab2ffe32ed4ebf03a,1
0x3cbf23c081faa5419810ce0f6bc1ecb73006d848,1
0x3f5dd1a1538a4f9f82e543098f01f22480b0a3a8,1
0x491e136ff7ff03e6ab097e54734697bb5802fc1c,1
0x505b5eda5e25a67e1c24a2bf1a527ed9eb88bf04,1
0x5979f50f1d4c08f9a53863c2f39a7b0492c38d0f,3
0x5a1912749d2b7c3cdb832b81601c8c3f437a0de8,2
0x74232704659ef37c08995e386a2e26cc27a8d7b1,1
0x745bab03024c3d88b51222c151e81e641d5bd4dc,2
0x98585dfc8d9e7d48f0b1ae47ce33332cf4237d96,1
0xac51066d7bec65dc4589368da368b212745d63e8,2
0xbf759d75967cab23ae67dd72d69f161f004afb0d,1
0xd9a8cfe21c232d485065cb62a96866799d4645f7,1
0xdd6b3ed565e29f9821ac8bd538253820fa24438d,2
0xf3dcbc6d72a4e1892f7917b7c43b74131df8480e,1
0x054d64b73d3d8a21af3d764efd76bcaa774f3bb2,1
0x21bfbda47a0b4b5b1248c767ee49f7caa9b23697,1
0x26c8afbbfe1ebaca03c2bb082e69d0476bffe099,1
0x32a7c02e79c4ea1008dd6564b35f131428673c41,1
0x372c95ce229a7af37d141f627d09f6df1dbaa741,1
0x3af33bef05c2dcb3c7288b77fe1c8d2aeba4d789,1
0x3c03b4ec9477809072ff9cc9292c9b25d4a8e6c6,2
0x48f474c1500c239312b6dbe29a51650f0b8fb314,1
0x528b3e98c63ce21c6f680b713918e0f89dfae555,1
0x631c6b3332dcc35314faf56e81eea792ffcc3c2a,1
0x9393fdc77090f31c7db989390d43f454b1a6e7f3,1
0xe5097d9baeafb89f9bcb78c9290d545db5f9e9cb,1
0xfc82bb4ba86045af6f327323a46e80412b91b27d,1
0x21ee3d08e4c7cae300f51036205fc2b6969fd608,2
0x234d51ee02be808a0160b19b689660fb7bfa871b,1
0x27f8f34b33d92249a47347f83945c77b3a771974,1
0x327d71fd153cbc1cfdeb2d7ff50f2b72cb2c611f,2
0x525a8f6f3ba4752868cde25164382bfbae3990e1,2
0x630d98424efe0ea27fb1b3ab7741907dffeaad78,1
0x82d3829d97fc2d9987f7ce966486e86bd04716d5,1
0xc11d8da853f4e2f2f4819d2fe49a47539797622f,1
0xc5bddf9843308380375a611c18b50fb9341f502a,1
0x1f104e7b11a6f5b4a15a438e0a107954afd7769f,1
0x23b608675a2b2fb1890d3abbd85c5775c51691d5,1
0x43044f861ec040db59a7e324c40507addb673142,1
0x5de7cc4bcbca31c473f6d2f27825cfb09cc0bb16,1
0x66a0f676479cee1d7373f3dc2e2952778bff5bd6,1
0x69ec436a1eaefef15e75543969f800ec2afc4490,1
0x71ab77b7dbb4fa7e017bc15090b2163221420282,1
0x72e5390edb7727e3d4e3436451dadaff675dbcc0,1
0x77d9b125814024adc1a36faef43ed66e08ef6b5d,1
0x7a5ce6abd131ea6b148a022cb76fc180ae3315a6,1
0x88ef27e69108b2633f8e1c184cc37940a075cc02,1
0xd29cbb5c795826b7e549c7af83c95e98acc93e0a,2
0xddf7fd345d54ff4b40079579d4c4670415dbfd0a,1
0xe66b3aa360bb78468c00bebe163630269db3324f,1
0xed04915c23f00a313a544955524eb7dbd823143d,1
0xf3ae5d769e153ef72b4e3591ac004e89f48107a1,1
0xfb7b4564402e5500db5bb6d63ae671302777c75a,1
0x0e050b2b7adb2cae5e8593e280ed5582953f9ad2,1
0x0e192d382a36de7011f795acc4391cd302003606,1
0x1b7f2442d4b3a01a9d63952f22000c3cd291848e,2
0x1f8a626883d7724dbd59ef51cbd4bf1cf2016d13,1
0x2da719db753dfa10a62e140f436e1d67f2ddb0d6,2
0x3593d125a4f7849a1b059e64f4517a86dd60c95d,1
0x36b4478dfe89dcf63f7c700b7c5c78e8d0f90f60,2
0x3a529a8d4f2ea64d206339fa12a3af4d431f53c3,1
0x3b79a28264fc52c7b4cea90558aa0b162f7faf57,1
0x833850be8858722cfc5e5e75f2fe6275e055d888,2
0x8a6d4c8735371ebaf8874fbd518b56edd66024eb,2
0x8fdd16f7ed1e7e3e782ce93cc2158e53c33b4655,1
0x8feb55aa5806fb0aa4523558b0599bb32c0be737,1
0x91a5de30e57831529a3c1af636a78a7e4e83f3aa,1
0x9ab70e92319f0b9127df78868fd3655fb9f1e322,1
0xdd63e0b6f3dff53cba8bcdb3aef036fdeb83746d,1
0xe84e554e8e03f23d67ec829797cf72bf1553b47f,1
0xfb13f0f91d4a791b3972d6f8a979c586bfb38f0e,1
0x06a01a4d579479dd5d884ebf61a31727a3d8d442,1
0x5f0e628b693018f639d10e4a4f59bd4d8b2b6b44,1
0x712ce0de2401e632d75e307ed8325774daaa3c51,2
0xd3c4163e18aaebe43b4fc8b1a53dc3241fb3d017,1
0xd4eb79a193e7e1a7b998202a9407e5ce3ff02b4f,1
0xf5cfbc74057c610c8ef151a439252680ac68c6dc,1
0x01e0e2e61f554ecaaec0cc933e739ad90f24a86d,1
0x5cac718a3ae330d361e39244bf9e67ab17514ce8,1
0x61dbb8694313f817980ce476a3a064e1e756687e,2
0x6da84e887c8ddff08a2a551e822bb8b3701f35ce,1
0x72377f31e30a405282b522d588aebbea202b4f23,1
0x73cd0f2fc19de23de7b6709c64b2fa64a70eaafc,1
0xb41b5bbabb4fc969e64056c7ed737d9ff45ac757,1
0x035df12e0f3ac6671126525f1015e47d79dfeddf,1
0x106552c11272420aad5d7e94f8acab9095a6c952,1
0x2a2550e0a75acec6d811ae3930732f7f3ad67588,1
0x41f7b8b9b897276b7aae926a9016935280b44e97,1
0x4aa41bc1649c9c3177ed16caaa11482295fc7441,1
0x56a86d648c435dc707c8405b78e2ae8eb4e60ba4,1
0x607df06d771bd72c14a4031d1647cad8ca1af268,1
0x69fa8e7f6bf1ca1fb0de61e1366f7412b827cc51,1
0x7237c0b30b1355f1b76355582f182f6f04b08740,1
0x7497c39f11d2b39b4ef3dbb1e9a9857df6fd5bdc,4
0x8ffe40a3d0f80c0ce6b203d5cdc1a6a86d9acaea,1
0x9e8bfe46f9af27c5ea5c9c72b86d71bb86953a0c,1
0xa8628541f69b999f81ac5535e28271500919cfa3,3
0xa8a4e474ddfe009b6f960074d1212c1de6f76e6d,1
0xa9d945559f6e799c3a4f4aa08db9674f54db3e80,2
0xb59490ab09a0f526cc7305822ac65f2ab12f9723,1
0xc669928185dbce49d2230cc9b0979be6dc797957,1
0xe1a178b681bd05964d3e3ed33ae731577d9d96dd,1
0xec213f83defb583af3a000b1c0ada660b1902a0f,1
0xf406f7a9046793267bc276908778b29563323996,1
0x00281dfce4cfd72c0b6fda2aaaf077258743f9e8,1
0x0af55d5ff28a3269d69b98680fd034f115dd53ac,2
0x1321f1f1aa541a56c31682c57b80ecfccd9bb288,1
0x3431f91b3a388115f00c5ba9fdb899851d005fb5,2
0x3c48ca59bf2699e51d4974d4b6d284ae52076e5e,1
0x59c6900949ad1835f07a04321f4d9934a054e114,1
0x70d2b7c19352bb76e4409858ff5746e500f2b67c,1
0x9085194a4eef65e34de642954c188e75c0ffbe9b,2
0xa1d65e8fb6e87b60feccbc582f7f97804b725521,3
0xbd100d061e120b2c67a24453cf6368e63f1be056,1
0xd13cfd3133239a3c73a9e535a5c4dadee36b395c,1
0xfbeea1c75e4c4465cb2fccc9c6d6afe984558e20,1
0x09970aec766b6f3223aca9111555e99dc50ff13a,2
0xd084b83c305dafd76ae3e1b4e1f1fe2ecccb3988,1
0xf8e9f10c22840b613cda05a0c5fdb59a4d6cd7ef,1
0xfbbe9b1142c699512545f47937ee6fae0e4b0aa9,1
0x0000000000085d4780b73119b644ae5ecd22b376,1
0x056fd409e1d7a124bd7017459dfea2f387b6d5cd,2
0x21ad647b8f4fe333212e735bfc1f36b4941e6ad2,1
0x50a69236b4d1d195a7d25fe4ac9e7cfde11a6d8d,2
0x57f7169809e0f30c2f3d7332710115c1f9236525,2
0x7ca6489021dcc5af719c49bb67d5fc081bac4bfe,1
0xb840d10d840ef47c233fec1fd040f5b145a6dfa5,1
0x05d16f6025a0ee17d4862b6c5cc7c02c035ca6d7,3
0x2f7b480ed935b63f27be3835e293e87d638bf308,1
0x31511aaa5f8b24aa04c00c3eeaf11d43fb6b3638,2
0x47a8a2d1642e2a4f924fcaa293304ad6a6c1dd4c,1
0x4db2c02831c9ac305ff9311eb661f80f1df61e07,1
0x5732046a883704404f284ce41ffadd5b007fd668,1
0x66bf1e5594a73e1d27d39277c990da9ab71e7323,1
0x8798249c2e607446efb7ad49ec89dd1865ff4272,1
0x8f7fb3f21571b1e74459ab1a9608b056931f6319,2
0xae12c5930881c53715b369cec7606b70d8eb229f,1
0xb31ef9e52d94d4120eb44fe1ddfde5b4654a6515,2
0xeea9ae787f3a620072d13b2cdc8cabffb9c0ab96,1
0x000000007a58f5f58e697e51ab0357bc9e260a04,1
0x4ddc2d193948926d02f9b1fe9e1daa0718270ed5,1
0x517ab044bda9629e785657dbbcae95c40c8f452c,1
0x607f4c5bb672230e8672085532f7e901544a7375,2
0x608a1c7704d30a62b26230f0ef62ce54d92e5762,1
0x916c5de09cf63f6602d1e1793fb41f6437814a62,1
0x94e0bab2f6ab1f19f4750e42d7349f2740513ad5,1
0x9d23b2c58226d639f467e82ebedded5f72519de8,1
0x9f4909cc95fb870bf48c128c1fdbb5f482797632,1
0xa2cd3d43c775978a96bdbf12d733d5a1ed94fb18,1
0xa5ef74068d04ba0809b7379dd76af5ce34ab7c57,1
0xadd5e881984783dd432f80381fb52f45b53f3e70,2
0xb12494c8824fc069757f47d177e666c571cd49ae,2
0xb5fe099475d3030dde498c3bb6f3854f762a48ad,1
0xbe0c826f17680d8da620855be89dd6544c034ca1,1
0xca7b3ba66556c4da2e2a9afef9c64f909a59430a,2
0xd0ad33aef76641cd97c22ed1fd8037b2266d855e,2
0xd0cd466b34a24fcb2f87676278af2005ca8a78c4,1
0xf02dd86264efd10bf92b3e2176468d1a6296af3b,8
0x01ba67aac7f75f647d94220cc98fb30fcc5105bf,2
0x1b40183efb4dd766f11bda7a7c3ad8982e998421,1
0x275f5ad03be0fa221b4c6649b8aee09a42d9412a,1
0x4fd51cb87ffefdf1711112b5bd8ab682e54988ea,1
0x56d811088235f11c8920698a204a5010a788f4b3,1
0x6243d8cea23066d098a15582d81a598b4e8391f4,1
0x6d6fc83225ad1b8373357b10d61ba6d77090c5a6,1
0x92cfbec26c206c90aee3b7c66a9ae673754fab7e,1
0x92e9bb06faa0f94af2d3f8ea1707318aa4757a77,1
0xb9ef770b6a5e12e45983c5d80545258aa38f3b78,1
0xd1cd47746b8e72359b28c1c84a4f6a19dc1a0ee5,2
0xd8912c10681d8b21fd3742244f44658dba12264e,1
0xe5adedd04d58b87e2ddd94042e106d1ccdc59322,2
0xeec2be5c91ae7f8a338e1e5f3b5de49d07afdc81,1
0xf720e38f678b29b243f7d53b56acbf5de98f2385,1
0xf85ba4a69ae05308249f19f5a25e9be765576340,1
0x0c9c7712c83b3c70e7c5e11100d33d9401bdf9dd,2
0x0ec78ed49c2d27b315d462d43b5bab94d2c79bf8,1
0x50bd674bd9c9f78b457c8a2d0c7697b2d73dbdcb,1
0x72be818236864c3f76bddb005ef51c72246045c7,1
0x8e8520b3e0bca161c3c7314e0cd005b6f866fc3f,1
0x941bf0e5452c5fe7030381e9ce5b2d62b98e44b4,88
0xa5f2211b9b8170f694421f2046281775e8468044,1
0xafcdd4f666c84fed1d8bd825aa762e3714f652c9,1
0xb620be8a1949aa9532e6a3510132864ef9bc3f82,1
0xc7283b66eb1eb5fb86327f08e1b5816b0720212b,2
0xd2b81ccd23b80ee4af960fed9e7c2fa22868c81e,1
0xd9fcd98c322942075a5c3860693e9f4f03aae07b,1
0xe6b536b2192d112dead520f38f1c5e5fa26fde8f,2
0xfa14fa6958401314851a17d6c5360ca29f74b57b,1
0x1796ae0b0fa4862485106a0de9b654efe301d0b2,1
0x3a9fff453d50d4ac52a6890647b823379ba36b9e,1
0x4ef9aa55fb02744a501ee6f2ecc77994d91af0bb,1
0x61e90a50137e1f645c9ef4a0d3a4f01477738406,2
0x77b25b5ed4b1b4af6a09f4df4a79a73e5cd86340,2
0xb6a48a42c9ed65109772d820e9de21a7391df0fa,2
0xd52aae39a2b5cc7812f7b9450ebb61dfef702b15,1
0xdacd69347de42babfaecd09dc88958378780fb62,1
0xf293d23bf2cdc05411ca0eddd588eb1977e8dcd4,1
0xf56b164efd3cfc02ba739b719b6526a6fa1ca32a,1
0x08e0faff8bb80eaf8c30a99920355028b5bd6789,1
0x35263cd4d52a2e337e99c7b3dbcae059a68ce4a6,1
0x4e808f2b01e42b7fd01428bc49a0a0a61666e760,1
0x618679df9efcd19694bb1daa8d00718eacfa2883,1
0x668dbf100635f593a3847c0bdaf21f0a09380188,1
0x93ed3fbe21207ec2e8f2d3c3de6e058cb73bc04d,1
0xcbe771323587ea16dacb6016e269d7f08a7acc4e,1
0x196c81385bc536467433014042788eb707703934,1
0x20d60c6eb195868d4643f2c9b0809e4de6cc003d,1
0x2a8e1e676ec238d8a992307b495b45b3feaa5e86,1
0x4b2c54b80b77580dc02a0f6734d3bad733f50900,2
0x5a41290104b8f65ece9ed9d67a4d82f8080b7310,1
0x5fb99a3593d7088e44377a1beb27739bd928f269,1
0x823556202e86763853b40e9cde725f412e294689,1
0x8e6cd950ad6ba651f6dd608dc70e5886b1aa6b24,1
0xad4f86a25bbc20ffb751f2fac312a0b4d8f88c64,1
0xc8d674114bac90148d11d3c1d33c61835a0f9dcd,1
0xfb13dfc9f8f3eeddd7c9b581d0d7cf367513ff7c,1
0x108a850856db3f85d0269a2693d896b394c80325,1
0x26e43759551333e57f073bb0772f50329a957b30,1
0x3b9be07d622accaed78f479bc0edabfd6397e320,1
0x850aab69f0e0171a9a49db8be3e71351c8247df4,1
0x8947da500eb47f82df21143d0c01a29862a8c3c5,1
0x8b39b70e39aa811b69365398e0aace9bee238aeb,1
0xc6d1f1d5a46de07e73091f1c8793293b203f01a1,1
0xf36119c88fb85ffa09219dd8e8bdba5007ce2aa0,1
0x012e0e6342308b247f36ee500ecb14dc77a7a8c1,1
0x1370e3b7aa261dcbe19ee24c456e56ff186aec85,1
0x20a68f9e34076b2dc15ce726d7eebb83b694702d,1
0x2f4eb47a1b1f4488c71fc10e39a4aa56af33dd49,1
0x34d5f6ac59c86895da9cc75858a5f1e1455fa77e,2
0x3758e00b100876c854636ef8db61988931bb8025,1
0x4a5b3d0004454988c50e8de1bcfc921ee995ade3,2
0x64b986211c0cc675143f895c437b79c3cadf364a,1
0x9534ad65fb398e27ac8f4251dae1780b989d136e,1
0x961c8c0b1aad0c0b10a51fef6a867e3091bcef17,1
0xa8155cf81adaa78f9cec69d698be1859d4f3bf3b,2
0xc6dddb5bc6e61e0841c54f3e723ae1f3a807260b,1
0xee1cea7665ba7aa97e982edeaecb26b59a04d035,1
0xf5b1fd29d23e98db2d9ebb8435e1082e3b38fb65,2
0x0000000de40dfa9b17854cbc7869d80f9f98d823,1
0x1614f18fc94f47967a3fbe5ffcd46d4e7da3d787,1
0x474021845c4643113458ea4414bdb7fb74a01a77,1
0x584bc13c7d411c00c01a62e8019472de68768430,1
0x71a28feaee902966dc8d355e7b8aa427d421e7e0,1
0x859a9c0b44cb7066d956a958b0b82e54c9e44b4b,1
0x8a74bc8c372bc7f0e9ca3f6ac0df51be15aec47a,1
0xac069bf2d9417a112dbc2684bd0df092e4e51488,2
0xaeb813653bb20d5fa4798dc4fc63af9cad4f3f67,1
0xb2617246d0c6c0087f18703d576831899ca94f01,1
0xca3fe04c7ee111f0bbb02c328c699226acf9fd33,1
0xd13c7342e1ef687c5ad21b27c2b65d772cab5c8c,3
0xea3983fc6d0fbbc41fb6f6091f68f3e08894dc06,1
0xebd707e7b27c6c14c98a327e332a0df7c6c015b0,1
0xedadeb5faa413e6c8623461849dfd0b7c3790c32,1
0x09fe5f0236f0ea5d930197dce254d77b04128075,1
0x3832d2f059e55934220881f831be501d180671a7,1
0x50d1c9771902476076ecfc8b2a83ad6b9355a4c9,1
0x531f94a955a41a06282a5df6a513f17b15bcae52,2
0x624cd4e0c3d168d12bcbe855d25cec110be826c8,2
0x7ae0d42f23c33338de15bfa89c7405c068d9dc0a,1
0x7bef710a5759d197ec0bf621c3df802c2d60d848,1
0x7f280dac515121dcda3eac69eb4c13a52392cace,2
0x8353a278396b29dc895ad4e71896ee167364a466,1
0x9fa69536d1cda4a04cfb50688294de75b505a9ae,1
0xb70d8e19911aa8cb25fc3c7a52531f6c54693200,20
0xdddddd4301a082e62e84e43f474f044423921918,1
0xe129f69385a6328a86d107fa3985ac4be8101dcb,2
0xe8cd3ef0ff34877a5c17192041e63592c0b3f87e,2
0xf17e65822b568b3903685a7c9f496cf7656cc6c2,1
0x08c32b0726c5684024ea6e141c50ade9690bbdcc,1
0x0aa7efe4945db24d95ca6e117bba65ed326e291a,1
0x300a902513815028e97fc79e92082ce6a98d3b74,1
0x340d2bde5eb28c1eed91b2f790723e3b160613b7,1
0x6100dd79fcaa88420750dcee3f735d168abcb771,1
0x632806bf5c8f062932dd121244c9fbe7becb8b48,1
0x798d1be841a82a273720ce31c822c61a67a601c3,1
0x884bff23753379c95ff217469176a566dfdab804,1
0x8b1d8ce64467f6ac575ab581441260ebaf3d3cc0,17
0xa741c18244804027b5f01f32203bbb3a94c2ebd9,1
0xbd0a4bf098261673d5e6e600fd87ddcd756e6764,1
0xcbc1aa6961b28cccb11e1cddd84ad8b42ec920b1,2
0xf98039fb440a9539c798ad70930abf24205f8c54,2
0xfcaa8eef70f373e00ac29208023d106c846259ee,1
0x0cec1a9154ff802e7934fc916ed7ca50bde6844e,1
0x54aa569005332e4d6f91e27c55307aaef607c0e2,1
0xc40af1e4fecfa05ce6bab79dcd8b373d2e436c4e,1
0xcd452ad761bd624cb016d40ce9d232f180e55d73,1
0x180dae91d6d56235453a892d2e56a3e40ba81df8,1
0x23266758838e037722e4be5e4acb52b5cdce8ce5,2
0x3b604747ad1720c01ded0455728b62c0d2f100f0,2
0xa4bbe66f151b22b167127c770016b15ff97dd35c,1
0x1997830b5beb723f5089bb8fc38766d419a0444d,2
0x333cf8dfced71e1c645caef00b8207582fd783e9,1
0x8888801af4d980682e47f1a9036e589479e835c5,1
0xa130e3a33a4d84b04c3918c4e5762223ae252f80,1
0xb9404380305a0a550a000f3a3c18f21e4af54add,2
0xc3589f56b6869824804a5ea29f2c9886af1b0fce,1
0xe529b502fec3ff0ea86fe63da505ec62fdf4f387,1
0x0debaeb1ba41900148f625bd6dbae22b576d620b,1
0x1de5e000c41c8d35b9f1f4985c23988f05831057,1
0x21ca39943e91d704678f5d00b6616650f066fd63,1
0x3affcca64c2a6f4e3b6bd9c64cd2c969efd1ecbe,1
0x41545f8b9472d758bb669ed8eaeeecd7a9c4ec29,1
0x4bb3205bf648b7f59ef90dee0f1b62f6116bc7ca,1
0x5e74c9036fb86bd7ecdcb084a0673efc32ea31cb,1
0x72630b1e3b42874bf335020ba0249e3e9e47bafc,1
0x83869de76b9ad8125e22b857f519f001588c0f62,1
0x96610186f3ab8d73ebee1cf950c750f3b1fb79c2,1
0xbd2949f67dcdc549c6ebe98696449fa79d988a9f,1
0xe803178b48a0e560c2b19f3b3d4e504f79d229ce,2
0xeba2c59b3576c4b174bfef5e27cee3d53f76e321,2
0xfeb2d480019bc605a2ce20903a90db3f554f1e1c,1
0x13fcdab8c3bca3241d160097c572656c80a4e434,2
0x198d14f2ad9ce69e76ea330b374de4957c3f850a,1
0x29ec87adb799d33ae8dd27deda38422a2e02cf82,1
0x4b1e80cac91e2216eeb63e29b957eb91ae9c2be8,1
0x60f5672a271c7e39e787427a18353ba59a4a3578,2
0x7fbec0bb6a7152e77c30d005b5d49cbc08a602c3,1
0xa113b79c09f0794568b8864a24197e0b817041ea,1
0xa693b19d2931d498c5b318df961919bb4aee87a5,1
0xaa8330fb2b4d5d07abfe7a72262752a8505c6b37,2
0xaaaf91d9b90df800df4f55c205fd6989c977e73a,1
0xef2e239b21a81719abaabc6239e2e90859b44d9b,1
0xf34b1db61aca1a371fe97bad2606c9f534fb9d7d,1
0x0f7f961648ae6db43c75663ac7e5414eb79b5704,1
0x5fa2e9ba5757504b3d6e8f6da03cc40d4ce19499,1
0x6524b87960c2d573ae514fd4181777e7842435d4,1
0x6de037ef9ad2725eb40118bb1702ebb27e4aeb24,1
0xade00c28244d5ce17d72e40330b1c318cd12b7c3,1
0xb4058411967d5046f3510943103805be61f0600e,1
0xd2d8d78087d0e43bc4804b6f946674b2ee406b80,2
0xd85301d4ab345b901a0ef369f69f7e6ff06b97a3,1
0xfdc4722fc0519d661dacf23d1dd718d2547fd041,1
0x03ab458634910aad20ef5f1c8ee96f1d6ac54919,1
0x0c10bf8fcb7bf5412187a595ab97a3609160b5c6,1
0x0f8cebed46d679887bbe8df3d12f27910b99ade1,2
0x2a54ba2964c8cd459dc568853f79813a60761b58,1
0x350d3f0f41b5b21f0e252fe2645ae9d55562150a,1
0x595832f8fc6bf59c85c527fec3740a1b7a361269,1
0x5fa54fddf1870c344dbfabb37dfab8700ec0def1,1
0xc581b735a1688071a1746c968e0798d642ede491,1
0xebf2096e01455108badcbaf86ce30b6e5a72aa52,1
0xefd0d5d822eb375b5b34c8e7aba21f4e985415bf,5
0xf0ee6b27b759c9893ce4f094b49ad28fd15a23e4,1
0x43835ca7646c07b6933d0c1c16ddc41c4cb5600e,1
0x4b520c812e8430659fc9f12f6d0c39026c83588d,1
0x4fb721ef3bf99e0f2c193847afa296b9257d3c30,2
0x6c936d4ae98e6d2172db18c16c4b601c99918ee6,1
0x74edaf28fc4b9e6a1618d613839daaf6a9d075db,2
0x9355372396e3f6daf13359b7b607a3374cc638e0,1
0xc57d533c50bc22247d49a368880fb49a1caa39f7,1
0xc9fe6e1c76210be83dc1b5b20ec7fd010b0b1d15,1
0xd0929d411954c47438dc1d871dd6081f5c5e149c,1
0xe0b9bcd54bf8a730ea5d3f1ffce0885e911a502c,1
0x53928df20958cb483337b557978c83b590c78dbb,4
0x7b39917f9562c8bc83c7a6c2950ff571375d505d,1
0x7d226bff737c5855254c307523afb3c464c5680b,1
0x8530b66ca3ddf50e0447eae8ad7ea7d5e62762ed,1
0x888888888889c00c67689029d7856aac1065ec11,1
0xb9ff205b3ea3948c3dc02c3d9131b3d91d41f856,2
0xd83ae04c9ed29d6d3e6bf720c71bc7beb424393e,1
0xe7f58a92476056627f9fdb92286778abd83b285f,2
0xe84d2901817014bb53974bd5756540f90c580aa4,6
0x1a6636cfd1b3350c9480b490a173a98e46620aa7,8
0x3802c218221390025bceabbad5d8c59f40eb74b8,1
0x7c8155909cd385f120a56ef90728dd50f9ccbe52,2
0xbb1ee07d6c7baeb702949904080eb61f5d5e7732,1
0xcfcecfe2bd2fed07a9145222e8a7ad9cf1ccd22a,1
0xdf96bde075d59e9143b325c75af38e208c986e6f,2
0x1c95b093d6c236d3ef7c796fe33f9cc6b8606714,1
0x2791bfd60d232150bff86b39b7146c0eaaa2ba81,1
0x3f382dbd960e3a9bbceae22651e88158d2791550,1
0x42d6622dece394b54999fbd73d108123806f6a18,1
0x70edf1c215d0ce69e7f16fd4e6276ba0d99d4de7,1
0x7abad5b2aead37456ab80b2c57d4cca92313cb6e,2
0xac70446f6a6221ae8ff70d263e4fdda7552f2e26,2
0xcc5b281e01fa4131ef809fa55bbe2dbbd5619c0f,1
0x0aacfbec6a24756c20d41914f2caba817c0d8521,1
0x139ca3a6d9b48404349109c574567cc1f9689be0,2
0x4fd86b8300744aae47b0a84f8ec38eb8963d31a8,1
0x68037790a0229e9ce6eaa8a99ea92964106c4703,1
0x782eb470991717683e27953c60e97eac2e8eb728,2
0x87baeba14b500fa1df2d8b008e047c07f9d3dca5,1
0x2e7b0d4f9b2eaf782ed3d160e3a0a4b1a7930ada,1
0x7e7bdfc82549fb3d790f7df8f9a21c53b93e0016,2
0xcaeaf8381d4b20b43afa42061d6f80319a8881f6,1
0xe5a3229ccb22b6484594973a03a3851dcd948756,1
0xea18370f4568c1b7cb59246bb94c5bf0d5015cf5,4
0x2cc3d4ad4bc8c9f284c65e08b10c48ec993c8c39,1
0x44e2dec86b9f0e0266e9aa66e10323a2bd69cf9a,1
0x4a615bb7166210cce20e6642a6f8fb5d4d044496,1
0x88a07de49b1e97fdfeacf76b42463453d48c17cd,1
0xa58a4f5c4bb043d2cc1e170613b74e767c94189b,1
0x632530c45597202a44e0062915fbd3d0142880e0,2
0xbc6da0fe9ad5f3b0d58160288917aa56653660e9,1
0xd101dcc414f310268c37eeb4cd376ccfa507f571,1
0xdc5864ede28bd4405aa04d93e05a0531797d9d59,1
0xf2210f65235c2fb391ab8650520237e6378e5c5a,1
0xfc1573afb9afbd3e7bc5399801d897ebe02bcdce,1
0x1961b3331969ed52770751fc718ef530838b6dee,1
0x33ebd390d986eb21fb91a5b72ee5ad8a1f40e43e,2
0x41045282901e90bda7578d628e479e5421d1cdd5,1
0x42dbbd5ae373fea2fc320f62d44c058522bb3758,1
0xb528b928b75344181dededbb0f49a6c4d847ec6f,1
0xb67718b98d52318240c52e71a898335da4a28c42,1
0xf0d33beda4d734c72684b5f9abbebf715d0a7935,1
0x0edf9bc41bbc1354c70e2107f80c42cae7fbbca8,1
0x1a75be6ab5bb5525243476fa41edd18fe071b449,2
0x436da116249044e8b4464f0cf21dd93311d88190,1
0x445ba08dad96a3d03ce8ffcbb1f246397f971b8c,1
0x4da27a545c0c5b758a6ba100e3a049001de870f5,1
0x52f1d9d628c0e9fc67ba630c2d300a1e39bc5341,1
0x68a118ef45063051eac49c7e647ce5ace48a68a5,1
0x9040e237c3bf18347bb00957dc22167d0f2b999d,2
0xa6586e19ef681b1ac0ed3d46413d199a555dbb95,1
0xbf578dd91b0309ad5296fb8b13d293e2453988a0,1
0xc4a11aaf6ea915ed7ac194161d2fc9384f15bff2,1
0xfd09911130e6930bf87f2b0554c44f400bd80d3e,1
0x2ce99c2ebbc0095a4f96dbd1f65d24bfb2c6bf71,2
0x3c9d6c1c73b31c837832c72e04d3152f051fc1a9,1
0x405cffce3a08dcc0e909bb20fd4eb654dca948d8,2
0x460a0f76eeea111ae63d972f84fc092afbb83d71,1
0x62a8c2818bd7034dc24cd22368c3e53e8eb47c18,1
0xba11d00c5f74255f56a5e366f4f77f5a186d7f55,1
0xc5b3d3231001a776123194cf1290068e8b0c783b,1
0xcadb3777cd0f9148ccd8fd512b69e2cab778ee79,1
0xe94b97b6b43639e238c851a7e693f50033efd75c,1
0xf6719e1a8fcbb1b9c290019e37e004966a8916c9,1
0x1487bd704fa05a222b0adb50dc420f001f003045,1
0xab846fb6c81370327e784ae7cbb6d6a6af6ff4bf,1
0xbb3df653af70e1392020b56f4be9d62eea25c0f2,1
0xefa8f6f23053df75142a0c37de40df2297becb5b,2
0x0abdace70d3790235af448c88547603b945604ea,1
0x126c121f99e1e211df2e5f8de2d96fa36647c855,1
0x1e0b2992079b620aa13a7c2e7c88d2e1e18e46e9,1
0x2067f22e8481648e7f601192b1d65acc5fce7ce4,1
0x326dbf053706c13cfc433dc4741c37dcdb8ba4fb,2
0x3abcc77c7a039265852da67a0c07dfc3de8069d0,2
0x639ae8f3eed18690bf451229d14953a5a5627b72,1
0x6468e79a80c0eab0f9a2b574c8d5bc374af59414,1
0x88536c9b2c4701b8db824e6a16829d5b5eb84440,1
0xcd833cd4cc90f3aae1a1ebe005fe6af61b7d119e,1
0xeb58343b36c7528f23caae63a150240241310049,1
0x2b8a66201665cd8c36ab9f39127221847110aa8e,1
0x65a8fba02f641a13bb7b01d5e1129b0521004f52,1
0x71f7650e206b10284e436f2ac255d0d336848868,1
0x83e6f1e41cdd28eaceb20cb649155049fac3d5aa,1
0xa1d6df714f91debf4e0802a542e13067f31b8262,1
0xb26c4b3ca601136daf98593feaeff9e0ca702a8d,1
0xb70f8a3029cf10fd9e4a072a280484691ac4296a,1
0xfcbe615def610e806bb64427574a2c5c1fb55510,1
0x0bcd83df58a1bfd25b1347f9c9da1b7118b648a6,1
0x0ec72cd6690db40b16be166858299f19d4f8e5b0,1
0x16631e53c20fd2670027c6d53efe2642929b285c,1
0x16eccfdbb4ee1a85a33f3a9b21175cd7ae753db4,1
0x24b20da7a2fa0d1d5afcd693e1c8afff20507efd,2
0x3826e7911fd20a8d04692f44b80028024e0abcf6,2
0x3d3d35bb9bec23b06ca00fe472b50e7a4c692c30,1
0x4ec1b60b96193a64acae44778e51f7bff2007831,1
0x788f39d599c790a2e7e5ccc6f9bf539063cb339a,1
0x8503a7b00b4b52692cc6c14e5b96f142e30547b7,1
0xb7579409594a3d81524e3d5925b2ac5ac088406c,1
0xc56f38a1e1a14727d89eccdc97d23a59159b31bd,2
0xdb0f18081b505a7de20b18ac41856bcb4ba86a1a,1
0x723cbfc05e2cfcc71d3d89e770d32801a5eef5ab,1
0x7d5121505149065b562c789a0145ed750e6e8cdd,1
0x85eee30c52b0b379b046fb0f85f4f3dc3009afec,1
0xcd17fa52528f37facb3028688e62ec82d9417581,1
0xdfdb7f72c1f195c5951a234e8db9806eb0635346,1
0x020810d775fc019480cd56ecb960389d3477039d,1
0x10086399dd8c1e3de736724af52587a2044c9fa2,1
0x5b7533812759b45c2b44c19e320ba2cd2681b542,1
0x6953f996026d291b0882213f7ad84c2b13b8cdbd,2
0x7fa7df4996ac59f398476892cfb195ed38543520,1
0x9196e18bc349b1f64bc08784eae259525329a1ad,1
0xb5f1457d6fba1956fb8d31b0b7caca14bde0be4b,2
0xe0c65592aedb81a92c415dcc1788d00b62c55b17,2
0xfd6d06240109cf67e7b6bcb5df2cbe37ba7d27d1,2
0x0dd1989e4b0e82f154b729ff47f8c9a4f4b2cc1c,1
0x230bf0637628ef356b63d389e2ec6c77c8853a11,1
0x2991341d28eaea277785d20e1d878d478c7ba4c7,1
0x42956624a19eaaf9de2ce37ee05ef45c331fd9f6,2
0x45fdb1b92a649fb6a64ef1511d3ba5bf60044838,2
0x5cb3ce6d081fb00d5f6677d196f2d70010ea3f4a,1
0x6c5ba91642f10282b576d91922ae6448c9d52f4e,1
0x6fc13eace26590b80cccab1ba5d51890577d83b2,1
0x7b32e70e8d73ac87c1b342e063528b2930b15ceb,1
0x87931e7ad81914e7898d07c68f145fc0a553d8fb,1
0x8bbca43de63019b9d87e21b572b2db8ade7692d8,1
0x8eedefe828a0f16c8fc80e46a87bc0f1de2d960c,1
0xade6fdaba1643e4d1eef68da7170f234470938c6,1
0xae697f994fc5ebc000f8e22ebffee04612f98a0d,1
0xba8a621b4a54e61c442f5ec623687e2a942225ef,1
0x2e85ae1c47602f7927bcabc2ff99c40aa222ae15,1
0x38a94e92a19e970c144ded0b2dd47278ca11cc1f,1
0x3a363189a0837f4c820fd5aeaaf724b8ea6d4959,1
0x4f9f3504d6c3670672692fcbcaeb409b0cfb40b2,1
0x5ac63fe4391d9ebe7d78151aef00f10986550efe,1
0xa489735e7935f69032670efa15e67d7595f7f29b,2
0xb92027b6adee9f63290a5a1bd9d15d6a163f4012,2
0xcb86c6a22cb56b6cf40cafedb06ba0df188a416e,1
0xe44e7d0fc3680919c53e2331cf66df4b330c3a34,2
0x1e4e46b7bf03ece908c88ff7cc4975560010893a,1
0x27702a26126e0b3702af63ee09ac4d1a084ef628,1
0x5375fd52707ab7c8d1b088e07169fa74b0999732,1
0x6409fd36ae2c94b5282e367d4ebf8c2db6d51853,2
0x8c15ef5b4b21951d50e53e4fbda8298ffad25057,1
0x9d409a0a012cfba9b15f6d4b36ac57a46966ab9a,1
0xbd4f6d3135263f67fdb50a16807e3d291a6dd526,4
0x0010e428a2c734913732a22169f078ac95b991cd,3
0x06c1a136a4994e8f2de2e5c6a4564021c324eeb0,1
0x263fee29b0b5609058d340ae707c4f8f48c355f7,1
0x2e8ded382204c209f2c58cb3eb9333a3cc4027a9,1
0x35cd5afde3994608934f3bec6621ba2f0606985f,1
0x3ebb4a4e91ad83be51f8d596533818b246f4bee1,1
0x7f3edcdd180dbe4819bd98fee8929b5cedb3adeb,5
0x98b7325328e3257a4921fdb7806679f5cf68184f,10
0xb18a378839df3e58ad2f900b64507924fb305457,6
0xc382e04099a435439725bb40647e2b32dc136806,1
0x084fe7aa7b09e539ecbad29dbce00fce1aeab183,2
0x72c2c5786d4815477ef96d9e9ec640f9f5eba8f6,1
0xf80d589b3dbe130c270a69f1a69d050f268786df,1
0x1da87b114f35e1dc91f72bf57fc07a768ad40bb0,1
0x666945791d760e98562b42a7fde5f9c3f5cf2848,1
0x8e0fe2947752be0d5acf73aae77362daf79cb379,1
0xa1d0e215a23d7030842fc67ce582a6afa3ccab83,1
0xbeab712832112bd7664226db7cd025b153d3af55,1
0xc2bde1a2fa26890c8e6acb10c91cc6d9c11f4a73,1
0xf10057d7b887cfc0fe3cfc1fb326ece805334661,1
0xfd5f65a7e4fae82778be1085ffd2f1de5b2de92c,1
0xfef4185594457050cc9c23980d301908fe057bb1,1
0x02d3a27ac3f55d5d91fb0f52759842696a864217,1
0x15b7c0c907e4c6b9adaaaabc300c08991d6cea05,1
0x2df488b8a4270bac5c2ce5ff467a0c5fd2aa49d6,1
0x471ea49dd8e60e697f4cac262b5fafcc307506e4,1
0x69c275c3cbd7edf5e6942149266ce8505c65baf8,1
0x7dbc8155202c0678f959721e0cc2f40c07fcf2c4,1
0xad6a626ae2b43dcb1b39430ce496d2fa0365ba9c,1
0xc7f2723b64d88f4d14f0beb2e9ffce78795bbcc6,2
0xd796b8eff23d5c4c71f43c99ffd7d8a3119f7475,1
0xe68bd4705011f032d5f5488cae6ccd7ae0ee3aa4,1
0x243f3e2869b65e7eed6e9b83e82fab96cd2c9ba3,1
0x9c5673002d854de18e9f6feb7f9825f88c5bf1e4,2
0x9cf8424389e922d09d252714d61108b1378aaf0b,1
0xfb130d93e49dca13264344966a611dc79a456bc5,1
0x1ff9b2ee65d77d9da33c5c6e584c40dd465a0a50,2
0x3c4b6e6e1ea3d4863700d7f76b36b7f3d3f13e3d,1
0x61be6fac719f871a24d9bdcdf97b6c94772c7e28,1
0x6226e00bcac68b0fe55583b90a1d727c14fab77f,5
0x7a58c0be72be218b41c608b7fe7c5bb630736c71,1
0xadf86e75d8f0f57e0288d0970e7407eaa49b3cab,1
0xc775c0c30840cb9f51e21061b054ebf1a00acc29,1
0xd72ab8e5cd47c602c31c5dddab6af8c1a912f301,2
0xe95a203b1a91a908f9b9ce46459d101078c2c3cb,1
0x1bd2c0a3cb806fc395d7c1b974c40da07cf5d34d,2
0x447f52aff7e85ded889ae64efb82aa3bb4a3b644,2
0x56a41eef4aba11292c58b39f61dabc82ed22c79b,1
0x5e3b208e01c7da4fdf4edea1591afbd83401304b,1
0x6307b25a665efc992ec1c1bc403c38f3ddd7c661,1
0x9dfad1b7102d46b1b197b90095b5c4e9f5845bba,1
0xbc17729fdf562723f0267f79ff25ade441056d87,1
0xcccbf11ac3030ee8cd7a04cfe15a3718df6dd030,1
0xd0d42005e7b3c0812b1268f0e5faf97ff2423651,2
0xdc8af07a7861bedd104b8093ae3e9376fc8596d2,1
0xea7cc765ebc94c4805e3bff28d7e4ae48d06468a,1
0x1a142510aed7d3cf1530fa995b6137abd0007395,3
0x287f2eb14fa0993e5455af529a732b87f8e9f562,2
0x440238cc07186adea6653a2e8cb9a24737615609,2
0x7b7016a98ea5304cd276c2ed6daf395b700b45bb,2
0x83031984b45553070a088273f341bff7fb4f2f46,1
0x9783b81438c24848f85848f8df31845097341771,3
0xbc4171f45ef0ef66e76f979df021a34b46dcc81d,1
0xece8531550fc599ccb2c7734494fbc358d0a9483,1
0x0488401c3f535193fa8df029d9ffe615a06e74e6,1
0x0a7556f3f3f35da10096d5dd4b8954a9fd0b7875,1
0x17189b73d2cccf0dc437a9adb3a9d3e218b2dcfe,3
0x226f7b842e0f0120b7e194d05432b3fd14773a9d,1
0x33e18a092a93ff21ad04746c7da12e35d34dc7c4,1
0x3f7aff0ef20aa2e646290dfa4e67611b2220c597,1
0x6295afe9e8865cccc3690de64f33a42a884132f8,2
0x6a77cf5507e184f82e108abd323e74e55bdf713f,2
0xad32a8e6220741182940c5abf610bde99e737b2d,1
0xddb3422497e61e13543bea06989c0789117555c5,1
0x05b4af867dcff2e45d75d04d52cda919c7a27e08,3
0x5685fc0bec1073638e6b78491007c42c073a4bab,1
0x6b1a8f210ec6b7b6643cea3583fb0c079f367898,1
0x83cee9e086a77e492ee0bb93c2b0437ad6fdeccc,1
0x9e24415d1e549ebc626a13a482bb117a2b43e9cf,1
0xa0e37d8a434a1a554f92df9971cff8eb94ee8e74,2
0xad5fe5b0b8ec8ff4565204990e4405b2da117d8e,2
0xdba2407b58d05e74431117dd11c459594a9ac831,1
0xdc7a6d18243fe318fe04a5e83a414ed1cf357b38,2
0x737f98ac8ca59f2c68ad658e3c3d8c8963e40a4c,1
0x8e7d2dde3f1e81d097cb5ec29d21ea7588833fe4,1
0x9e3fc19e06023e28b84f78bbab65cc0764e4d17b,1
0x0ff5a8451a839f5f0bb3562689d9a44089738d11,1
0x124aa40e3bf60b3e5ef5e36fc240b1846d07728c,2
0x2a5e4ab5089f1a37b0a614302c2b826046e052d3,1
0x3f33d5b179680b18ac60b2a4cefaa6f4fb355891,1
0x7662c015d845ef487fde32cb884653be9c9e0110,2
0x7797c85b46f548eacc07c229f6cd207d6370442f,1
0x9b8e9d523d1d6bc8eb209301c82c7d64d10b219e,1
0x9d7630adf7ab0b0cb00af747db76864df0ec82e4,1
0xc34ef872a751a10e2a80243ef826ec0942fe3f14,1
0x0ada190c81b814548ddc2f6adc4a689ce7c1fe73,1
0x39aa39c021dfbae8fac545936693ac917d5e7563,1
0x40ba95cda2bef682d55c8469bf5936a89f90a4d1,1
0x441761326490cacf7af299725b6292597ee822c2,1
0x4674672bcddda2ea5300f5207e1158185c944bc0,1
0x528fc7341f43c13268bfb53fc095fa025044f286,1
0x7ca4408137eb639570f8e647d9bd7b7e8717514a,1
0xa80f2c8f61c56546001f5fc2eb8d6e4e72c45d4c,1
0xb8baa0e4287890a5f79863ab62b7f175cecbd433,1
0xd4c435f5b09f855c3317c8524cb1f586e42795fa,1
0x1051c95457060262bb773e8a70c83fd0cb7a4171,10
0x301c755ba0fca00b1923768fffb3df7f4e63af31,1
0x355b7f1a2d6b78ff2f742f061cad44f976f99b38,1
0x4ee438be38f8682abb089f2bfea48851c5e71eaf,1
0xadd539d4a494bccdeec7c0ba47457f7b4d299320,1
0xe1b0630d7649cdf503eabc2b6423227be9605247,1
0xe9615071341c6f0392a5dfde1645ad01b810cb43,2
0x11742f8c430dda45ef026c71c6870e57c071e256,2
0x12d102f06da35cc0111eb58017fd2cd28537d0e1,1
0x4b48068864f77261838c7849a12853fb94c77a91,1
0x5230ec324d955a1c8f3381723a59177d783abd75,33
0x530ca200ade51bf2c9448e8dbb6b08aff4809bd9,2
0x62858686119135cc00c4a3102b436a0eb314d402,1
0x92037aeba4434301f5d3e22f72775be805426e20,2
0x9ad45e692350ba56e2583671c4bd76c5331a249e,1
0xa1faa113cbe53436df28ff0aee54275c13b40975,1
0xc813f8ab3932b458362ae2f8752c9dadf0620b04,1
0xe8f7c65a6e6f9bf2a4df751dfa54b2563f44b409,1
0x072987d5b36ad8d45552aed98879a7101ccdd749,1
0x0cdf9acd87e940837ff21bb40c9fd55f68bba059,1
0x0ec9f76202a7061eb9b3a7d6b59d36215a7e37da,1
0x3e6966c794d1348b785cbabe1241695a81023c0a,1
0xa23c1194d421f252b4e6d5edcc3205f7650a4ebe,1
0xd137561c20be8e870d62e2ae92269f0950702f77,2
0xd6caf5bd23cf057f5fccce295dcc50c01c198707,1
0x31429d1856ad1377a8a0079410b297e1a9e214c2,1
0x5a8f92addfe1cd48b51e1fa926144c0918dbab67,2
0x725c263e32c72ddc3a19bea12c5a0479a81ee688,1
0x8d04efae4c47de784a188edfdef1fc35b62acc93,2
0xcb056a2f3ca0b82ab69dcbd677875d68b74d6189,1
0xdb5c3c46e28b53a39c255aa39a411dd64e5fed9c,1
0xf787c7fb184e266f2ba933f5cd3740c2998c2e86,2
0x28d97e75745cf36f045c24addb797d3592fd3320,2
0x3ee8c511556c256ed2f28500e162d32bc5670df3,2
0x514cdb9cd8a2fb2bdcf7a3b8ddd098caf466e548,1
0x579cea1889991f68acc35ff5c3dd0621ff29b0c9,1
0x6c28aef8977c9b773996d0e8376d2ee379446f2f,1
0x740623d2c797b7d8d1ecb98e9b4afcf99ec31e14,1
0x7f3141c4d6b047fb930991b450f1ed996a51cb26,1
0x865377367054516e17014ccded1e7d814edc9ce4,1
0x8d2bffcbb19ff14a698c424fbcdcfd17aab9b905,1
0xa7de087329bfcda5639247f96140f9dabe3deed1,1
0x11ebe21e9d7bf541a18e1e3ac94939018ce88f0b,1
0x2fcf250cadba1d08f38b5b4705ecc4d0fe0d81dc,1
0x84342e932797fc62814189f01f0fb05f52519708,1
0x95392f142af1c12f6e39897ff9b09c599666b50c,1
0xa1817b6d8d890f3943b61648992730373b71f156,1
0xac1beba57dc2e8ecfd78d8ef93d1ff20785f4e27,2
0xbfa3ef564e1193bef6ce06ca31677dbd09b99d0c,1
0xd7f0cc50ad69408ae58be033f4f85d2367c2e468,1
0xda79f48c881689f6889aadf5d537be6feac40602,10
0xfbbf63eba6bc534b22fb306b348886823c378787,3
0x1cc481ce2bd2ec7bf67d1be64d4878b16078f309,1
0x1fdab294eda5112b7d066ed8f2e4e562d5bcc664,1
0x35bd01fc9d6d5d81ca9e055db88dc49aa2c699a8,1
0x469332bd13995135576c783cc3e96d53975d1da6,1
0x9a96e767bfcce8e80370be00821ed5ba283d4a17,1
0xf1e8ae68bde73baafc1dfad22c13e19676c1bfe6,2
0xf8c3527cc04340b208c854e985240c02f7b7793f,1
0x0563dce613d559a47877ffd1593549fb9d3510d6,1
0x1c1c14a6b5074905ce5d367b0a7e098b58ebfd47,1
0x25e1474170c4c0aa64fa98123bdc8db49d7802fa,1
0x3b94440c8c4f69d5c9f47bab9c5a93064df460f5,1
0x3cbb7f5d7499af626026e96a2f05df806f2200dc,1
0x4fe83213d56308330ec302a8bd641f1d0113a4cc,2
0xac8e13ecc30da7ff04b842f21a62a1fb0f10ebd5,1
0xcdf7028ceab81fa0c6971208e83fa7872994bee5,1
0xcfef8857e9c80e3440a823971420f7fa5f62f020,1
0x06a00715e6f92210af9d7680b584931faf71a833,2
0x177905f9d89cfa183a9220c2f1a24ab233d9d35f,2
0x5d285f735998f36631f678ff41fb56a10a4d0429,1
0x6cf230786414d027c277501f99806bbe1816db60,2
0x71ba91dc68c6a206db0a6a92b4b1de3f9271432d,2
0x814e351ea87288501d52ae0e62b9f77b992f18ab,1
0x17ef75aa22dd5f6c2763b8304ab24f40ee54d48a,1
0x3505f494c3f0fed0b594e01fa41dd3967645ca39,1
0x3a4cab3dcfab144fe7eb2b5a3e288cc03dc07659,1
0x3f45c49d6a2ab9ebad00557652f8c5b310688793,12
0x755f5aa968e795be9389442ccb6b5d2d597195f0,2
0x8daebade922df735c38c80c7ebd708af50815faa,1
0xa36fdbbae3c9d55a1d67ee5821d53b50b63a1ab9,1
0xca1207647ff814039530d7d35df0e1dd2e91fa84,1
0xe73c324cfc1a172614426806d63a61ed7aa9bbdf,1
0xebbb8f6545732202584f860d9cb310aa93265f90,1
0x16c52ceece2ed57dad87319d91b5e3637d50afa4,1
0x2cdc76fef5442dd4ca983c6e330f0ef9bba2ebe1,2
0x2f8c9d564b17e32836831a4a9691ea38367d2eea,1
0x667102bd3413bfeaa3dffb48fa8288819e480a88,1
0x6f92357f3c70bba47c6e255fd0b39345f1a0e39c,2
0x7c8d0315dfee1b7f6a8c36fd95f7e9249105b985,1
0xacfa209fb73bf3dd5bbfb1101b9bc999c49062a5,1
0xada86b1b313d1d5267e3fc0bb303f0a2b66d0ea7,1
0xb71d339684fd208667afa23819eb66d639bfa06f,1
0xd5a98e77d1feb091344096301ea336a5c07a6a41,2
0xe2fc391c6eec994b1f6f6a9f8e69d5f1bcd53771,2
0xc770eefad204b5180df6a14ee197d99d808ee52d,1
0xd3e4ba569045546d09cf021ecc5dfe42b1d7f6e4,2
0xd5147bc8e386d91cc5dbe72099dac6c9b99276f5,1
0xf1f508c7c9f0d1b15a76fba564eef2d956220cf7,1
0xf21661d0d1d76d3ecb8e1b9f1c923dbfffae4097,1
0x15f0eedf9ce24fc4b6826e590a8292ce5524a1da,1
0xab2a7b5876d707e0126b3a75ef7781c77c8877ee,2
0xb2dbf14d0b47ed3ba02bdb7c954e05a72deb7544,1
0xf4dc48d260c93ad6a96c5ce563e70ca578987c74,1
0x0e8d2eb7d6bdf28393c25a1966385ad32ff0259a,1
0x2f9f363685ffecc8d7bed0486d8c2b21232bdc5a,1
0x33f391f4c4fe802b70b77ae37670037a92114a7c,1
0x5c84bc60a796534bfec3439af0e6db616a966335,1
0x831091da075665168e01898c6dac004a867f1e1b,1
0x9af15d7b8776fa296019979e70a5be53c714a7ec,1
0xa8b12cc90abf65191532a12bb5394a714a46d358,1
0xaa7a9ca87d3694b5755f213b5d04094b8d0f0a6f,2
0xb17c88bda07d28b3838e0c1de6a30eafbcf52d85,2
0xd2f5f2d091ce6b87c755936a09f505611309d7f6,3
0xe7eaec9bca79d537539c00c58ae93117fb7280b9,2
0xf0dc76c22139ab22618ddfb498be1283254612b1,3
0x2646100b504ab4e767eeabfb389ebaa82ff51eed,4
0x2801a0d6b8161e82226f7b7bc2e2863eafbdf513,2
0x8b0e42f366ba502d787bb134478adfae966c8798,1
0x9e4f00e4675c94585abea674521e84f8cf2d3fb3,1
0xb190ddcbbc4510c34cf2a834f0425a7d2b892f96,1
0xb705268213d593b8fd88d3fdeff93aff5cbdcfae,1
0xb7f859889fcb5452396f385bb21d2bcc9094c355,1
0xc3f1a3064e11e88cdca630139559324e248c2368,1
0x462ce935e7df925878fe0050a6db007739ac3bb3,2
0x4740735aa98dc8aa232bd049f8f0210458e7fca3,1
0x72b886d09c117654ab7da13a14d603001de0b777,1
0x73d7c860998ca3c01ce8c808f5577d94d545d1b4,1
0x7b6217f5224fe1828c5358cb42c79022179559ae,2
0x833e4c02c47b7e38f5b9a80b26eb07d23d1961f4,1
0xd5281bb2d1ee94866b03a0fccdd4e900c8cb5091,1
0x0c37bcf456bc661c14d596683325623076d7e283,1
0x6bb61215298f296c55b19ad842d3df69021da2ef,1
0x8df586aa346c3d9d1c99a21316a2735d71355ec8,1
0x9aeb50f542050172359a0e1a25a9933bc8c01259,1
0xb087c2180e3134db396977065817aed91fea6ead,2
0xc6e145421fd494b26dcf2bfeb1b02b7c5721978f,1
0xd093f2634286afbc9d728c63ebc0d69f7d6cfc1a,1
0xd5378896181013df8e920d0cee11ef173fbc9cc0,2
0xe5caef4af8780e59df925470b050fb23c43ca68c,1
0x08037036451c768465369431da5c671ad9b37dbc,1
0x14a32f050facf226ec60882398a9bf36d91dbac2,1
0x674c6ad92fd080e4004b2312b45f796a192d27a0,1
0x8037b1b69d6fa63a9cc053c25f7e168e6e6d857a,1
0x909e34d3f6124c324ac83dcca84b74398a6fa173,1
0xb3e460d4a14db54d7b6dfdb9e9e3c68e68f610be,2
0xff5c25d2f40b47c4a37f989de933e26562ef0ac0,1
0x84d821f7fbdd595c4c4a50842913e6b1e07d7a53,1
0x27ad8e47c48063b209fa5ca14c8c46ece49b82d2,1
0x3597bfd533a99c9aa083587b074434e61eb0a258,1
0xaae89610743fd4921de40fa1ae77c5664b51da75,1
0xb3d355de74f9540c7e780b26832fe0189bb977ce,2
0xfd957f21bd95e723645c07c48a2d8acb8ffb3794,1
0x148fff48008f20e5bcaf0d168744a0c5fa882293,2
0x501ace9c35e60f03a2af4d484f49f9b1efde9f40,1
0x5eea2f27bae3a77ee2e8fc9c82935f58f5ce6d6e,4
0x69fa0fee221ad11012bab0fdb45d444d3d2ce71c,1
0x7e900f76ebcc015ba7d1bd0e5df052e5e96db495,1
0xd0c37cda48fe5d6ee7132181a90dc58206db5404,1
0x30f271c9e86d2b7d00a6376cd96a1cfbd5f0b9b3,1
0x67873a14804e9db31de66601e8f81fdef0169bee,1
0x6b0b3a982b4634ac68dd83a4dbf02311ce324181,1
0x72f020f8f3e8fd9382705723cd26380f8d0c66bb,1
0x900db999074d9277c5da2a43f252d74366230da0,2
0xa9639160481b625ba43677be753e0a70bf58c647,2
0xbde1f1bca850d835f6cf161b63e9a500a8db70c1,2
0x161b16ae3f4a40319ab4cecb53651e3957601fab,2
0xccafcaff56729218629b890396b7a8d116c1a5a2,1
0x1a846c4bebfa016cf5db125692fecf584b046c82,3
0x1f76f3be89b3764bdcdf9015fcf341cb98c6976f,2
0x21e8e3e3b53fb5abc07f279015a4d385ff7eeaff,2
0x3a1311b8c404629e38f61d566cefefed083b9670,1
0x46d8824716db65318dba27499070ad16c5089955,1
0x4f7aff8f0c78b51c0e30f02f27a67b5a6a11552b,1
0x5e4efb364071c64ee3641fe1e68cb5d2d5558709,1
0x71fc1f555a39e0b698653ab0b475488ec3c34d57,1
0x8c3ee4f778e282b59d42d693a97b80b1ed80f4ee,1
0xda0c94c73d127ee191955fb46bacd7ff999b2bcd,1
0xe0b9a2c3e9f40cf74b2c7f591b2b0cca055c3112,1
0x1234567cd517e0e179fba33abbe7a54bdd55a647,1
0x4b7ee45f30767f36f06f79b32bf1fca6f726deda,1
0x6069c9223e8a5da1ec49ac5525d4bb757af72cd8,1
0x7d608cfaa805a752788847e5c46ce9c03fb43c21,1
0xa0335820dc549dbfae5b8d691331cadfca7026e0,1
0xa7e4d8e62a003b904617387c9665301d1a8cb3c4,2
0xb4fbed161bebcb37afb1cb4a6f7ca18b977ccb25,2
0xc3b5284b2c0cfa1871a6ac63b6d6ee43c08bdc79,1
0xcaaa93712bdac37f736c323c93d4d5fdefcc31cc,1
0xf61bf4d1a948487d61b8fa63808aac06bda55f98,1
0x0c7d5ae016f806603cb1782bea29ac69471cab9c,1
0x27201232579491ce9b116ac6f37d354cc723a2f3,1
0x2f5e2c9002c058c063d21a06b6cabb50950130c8,1
0x35ed60514442a144d2a778c840d1272b6c79b654,1
0x4688a8b1f292fdab17e9a90c8bc379dc1dbd8713,1
0x4c6ec08cf3fc987c6c4beb03184d335a2dfc4042,1
0x6710c63432a2de02954fc0f851db07146a6c0312,1
0x93bb3edad3a047e31c1beac4e0d9319712883e0e,1
0xd779eea9936b4e323cddff2529eb6f13d0a4d66e,1
0xe814aee960a85208c3db542c53e7d4a6c8d5f60f,1
0x0e8d6b471e332f140e7d9dbb99e5e3822f728da6,1
0x4161725d019690a3e0de50f6be67b07a86a9fae1,1
0xb39185e33e8c28e0bb3dbbce24da5dea6379ae91,1
0x14e1735ed88ddb0df4f693df6c9301ec41025bfd,2
0x2c9c19ce3b15ae77c6d80aec3c1194cfd6f7f3fa,1
0x3ef389f264e07fff3106a3926f2a166d1393086f,1
0x5380442d3c4ec4f5777f551f5edd2fa0f691a27c,1
0x662b67d00a13faf93254714dd601f5ed49ef2f51,1
0x8b79656fc38a04044e495e22fad747126ca305c4,1
0x939a7a577d93ad29b64c1595b1284ce660a479b9,1
0x9e5bd9d9fad182ff0a93ba8085b664bcab00fa68,2
0xc4de189abf94c57f396bd4c52ab13b954febefd8,1
0xcb4e8cafeda995da5cedfda5205bd5664a12b848,1
0xe516d78d784c77d479977be58905b3f2b1111126,1
0x1063ce524265d5a3a624f4914acd573dd89ce988,1
0x2ccbff3a042c68716ed2a2cb0c544a9f1d1935e1,4
0x35a18000230da775cac24873d00ff85bccded550,1
0x8193711b2763bc7dfd67da0d6c8c26642eafdaf3,1
0x88800092ff476844f74dc2fc427974bbee2794ae,1
0x9250e33f8ae7b9fe02fb9af97a0c55b42a5ad9d8,1
0x957891c11616d3e0b0a76a76fb42724c382e0ef3,1
0xaac41ec512808d64625576eddd580e7ea40ef8b2,1
0xb17327e6976be58b722d94780b8c9cfd01d558dc,7
0xbed4ab0019ff361d83ddeb74883dac8a70f5ea1e,1
0xcb8d1260f9c92a3a545d409466280ffdd7af7042,1
0xd23ac27148af6a2f339bd82d0e3cff380b5093de,3
0xdec41db0c33f3f6f3cb615449c311ba22d418a8d,1
0x429881672b9ae42b8eba0e26cd9c73711b891ca5,2
0x4d953cf077c0c95ba090226e59a18fcf97db44ec,2
0x5552e5a89a70cb2ef5adbbc45a6be442fe7160ec,1
0x5fce9fc9b5d62af082a59d0823a062f7529efa5a,1
0x6361ca5a18d15516a6300efa3cbfa616fa716422,1
0x63d5ede2325fb264ec92b0b945de66e151bf4c65,2
0x691b1965bf9a6cb960b578bcfa2282b0d5672513,1
0x6b9f031d718dded0d681c20cb754f97b3bb81b78,1
0x917b78b76ca7fd68e9b6e4b1ebfcb13cc0fb4650,1
0xaa19961b6b858d9f18a115f25aa1d98abc1fdba8,1
0xb3cc3d7e656893f22d2372b0ae57106f6b155cbe,1
0xbc7250c8c3eca1dfc1728620af835fca489bfdf3,1
0xcd2828fc4d8e8a0ede91bb38cf64b1a81de65bf6,1
0xdb85f6685950e285b1e611037bebe5b34e2b7d78,1
0xe74ac81b14021d0cfb835f269f48f25918c5cae6,1
0xf16e81dce15b08f326220742020379b855b87df9,1
0xfe3e6a25e6b192a42a44ecddcd13796471735acf,1
0x04abeda201850ac0124161f037efd70c74ddc74c,1
0x48f07301e9e29c3c38a80ae8d9ae771f224f1054,1
0x5dd57da40e6866c9fcc34f4b6ddc89f1ba740dfe,1
0x6bc1f3a1ae56231dbb64d3e82e070857eae86045,1
0x6c16119b20fa52600230f074b349da3cb861a7e3,3
0x91dfbee3965baaee32784c2d546b7a0c62f268c9,1
0xadb2437e6f65682b85f814fbc12fec0508a7b1d0,1
0xb140a429c342083e97daf42d5d82634bd7ade7d4,1
0xb1e93236ab6073fdac58ada5564897177d4bcc43,1
0xed1480d12be41d92f36f5f7bdd88212e381a3677,1
0xf970b8e36e23f7fc3fd752eea86f8be8d83375a6,1
0xfe5f69dfa2d4501e78078266f6d430c079098f90,1
0x24861414c8845b8115397302e9dcfaab3f239826,1
0x2f6081e3552b1c86ce4479b80062a1dda8ef23e3,1
0x42713b0d84645af02e52c7654498d17307942070,2
0xc91a71a1ffa3d8b22ba615ba1b9c01b2bbbf55ad,2
0xf27c6b0db4faf126b536def6835a8bd4b20bcda9,2
0xf527d24391c767b86b8e91385e1ce9c54d230a2b,2
0x0b972aa52a4143ee0dc92f01e0fec63d7b121758,1
0x1832f484324ae71ef2a32fc2f0802b599f0667b4,1
0x201a2e3195e2465e9da1a7ab6dd1d3b5ec896a35,1
0x2e8baededcc66f8264dc01416848db17f7f8f8a4,1
0x472e1ae07aac49c1b49b36de53c3cc406f4acc99,1
0x7051faed0775f664a0286af4f75ef5ed74e02754,1
0x72e9d9038ce484ee986fea183f8d8df93f9ada13,1
0x8eef5a82e6aa222a60f009ac18c24ee12dbf4b41,1
0x9f8af482fa7b0ebd4d92df9513ce7a0648ccad7b,7
0x2e6539edc3b76f1e21b71d214527faba875f70f3,2
0x4092678e4e78230f46a1534c0fbc8fa39780892b,1
0x5646077e2779a4e8607a99257bd76f627a262d86,2
0x79e43c44d5509d00d584000c0a6b1e9e62609f56,1
0x7cb651fcc1a7604ff019af2e45ca23f7b909dc0b,2
0xc67b12049c2d0cf6e476bc64c7f82fc6c63cffc5,1
0xd8de32caf3fc3be0ba045d0a38364dd628963f86,1
0xdeb0b0643a594befeab89dd93ebbb6bc87e3681b,3
0xe89c20096b636ffec9fd26d1a623f42a33ead309,1
0xf59257e961883636290411c11ec5ae622d19455e,1
0x06e0feb0d74106c7ada8497754074d222ec6bcdf,2
0x0947b0e6d821378805c9598291385ce7c791a6b2,1
0x0eb638648207d00b9025684d13b1cb53806debe4,1
0x297d33e17e61c2ddd812389c2105193f8348188a,1
0x3f5294df68f871241c4b18fcf78ebd8ac18ab654,1
0x4eed0fa8de12d5a86517f214c2f11586ba2ed88d,1
0x558ec3152e2eb2174905cd19aea4e34a23de9ad6,1
0x5de83a4b2ca7d85476bb5ca5435e1bf1bbfde9a2,1
0x68d57c9a1c35f63e2c83ee8e49a64e9d70528d25,1
0xa15690e9205de386ce849889831c1668c300c1ad,1
0xa54d2ebfd977ad836203c85f18db2f0a0cf88854,1
0xdac657ffd44a3b9d8aba8749830bf14beb66ff2d,1
0xeeaa40b28a2d1b0b08f6f97bb1dd4b75316c6107,1
0x3974f62ce6440fe8ad2a85d8904f36d9a65a9fd4,2
0x4e08f03079c5cd3083ea331ec61bcc87538b7665,1
0x5a4623f305a8d7904ed68638af3b4328678eddbf,1
0x5c761c1a21637362374204000e383204d347064c,1
0x9d62526f5ce701950c30f2caca70edf70f9fbf0f,1
0xb6ee9668771a79be7967ee29a63d4184f8097143,1
0xbaac2b4491727d78d2b78815144570b9f2fe8899,1
0x236d53148f83706c3d670064809577385f923a75,1
0x84bb61eb0336b309ccf14cc68bd1888cfa4846ea,2
0x967ea106144ff482ca13d1ab1f7e3747ff590531,1
0xc48b4814faed1ccc885dd6fde62a6474aecbb19a,1
0xcbfa5f7e44d7cd08666766c2935e2fdaa953178f,2
0xf5581dfefd8fb0e4aec526be659cfab1f8c781da,1
0xf56408077487cb879c992909c5b5c66d68c02eb4,1
0x32353a6c91143bfd6c7d363b546e62a9a2489a20,1
0x39317b8a1ae06c30bb615d88cdc5522781499f1c,2
0x5d493ad22894c06bc2495eaae5f6339cf34cf522,1
0x6e954a8f26fbcb0a0a42a0d1c85bcc443b11db79,1
0x6f40d4a6237c257fff2db00fa0510deeecd303eb,1
0x6f620ec89b8479e97a6985792d0c64f237566746,1
0x799ebfabe77a6e34311eeee9825190b9ece32824,1
0x7b3719e657b9cf6638428d4eaa9b165baff94a48,3
0x8254e26e453eb5abd29b3c37ac9e8da32e5d3299,2
0x9832f3e6e4a96ac1e46d06fc925d2f3e9b6dc11c,1
0xb10c8492d948ee6414efbb90421caa9b2b74ad4a,2
0xb4743bfabfce34537a4baf0f3eb2f269246d180a,1
0xca5ad03ce960c0ef8954999cc3b0983c68c7ba8a,1
0xf79f9020560963422ecc9c0c04d3a21190bbf045,1
0x2638a23a9118d5786b6a6529bf3c09c922d3cdad,1
0x3438a3ddd9a900228a0815adca951e75c4eca40d,1
0x4e2c5633a1c6bdc09ce872b8b22dade9f95d0f65,1
0x52662717e448be36cb54588499d5a8328bd95292,1
0x5e9f35e8163c44cd7e606bdd716abed32ad2f1c6,1
0x80ce3027a70e0a928d9268994e9b85d03bd4cdcf,1
0x99295f1141d58a99e939f7be6bbe734916a875b8,2
0xa1f7c9c6d19e2d0bf20729cb0bf03338a90bed9b,1
0xc0114f14638a333a4d5c3b04f09b96372348a842,1
0xd502f487e1841fdc805130e13eae80c61186bc98,1
0xd5930c307d7395ff807f2921f12c5eb82131a789,1
0xde2910888c50370c39fba7837a88b29e35f89c07,2
0xfb5453340c03db5ade474b27e68b6a9c6b2823eb,1
0x03815591a05bbb3612558fdfe50eb304a5a7d344,1
0x36e43065e977bc72cb86dbd8405fae7057cdc7fd,1
0x42a0d24cb5c423eaaf926ce3984aaff0c4ff6fe2,2
0x8185bc4757572da2a610f887561c32298f1a5748,1
0x92a42db88ed0f02c71d439e55962ca7cab0168b5,1
0x957c30ab0426e0c93cd8241e2c60392d08c6ac8e,1
0xb133a2b3071b442be384216b87b88fc76b73e7e3,2
0x5481af2ee6680cca9644cd4b0d6d4b2895f727f0,1
0xa09c6616550b1597e139626eebb59b34e484d584,1
0xbd15c4c8cd28a08e43846e3155c01a1f648d8d42,2
0xf59bfeed034092e399cc43ff79edab15e2e18735,1
0x15a08a0fdc7c335ef811fd9dc862c0da2ef88083,2
0x25b24b3c47918b7962b3e49c4f468367f73cc0e0,1
0x3fa729b4548becbad4eab6ef18413470e6d5324c,1
0x5d554e71744aada1738261f64e3a2c6dd8a7def1,2
0x79126d32a86e6663f3aaac4527732d0701c1ae6c,1
0xac8cc32fab2368a1a095722aaf760c45f578e17b,1
0xb4da1eff7d33b0dbef9debb6caa60cb9e031708e,1
0x5c872500c00565505f3624ab435c222e558e9ff8,1
0x7a7905e4f80dacd5dd9296cbdf2ea69160ac9d0f,2
0xdbdbf8fde1012c212fbd691f194cb6ae75436572,1
0xdf801468a808a32656d2ed2d2d80b72a129739f4,1
0x351caa9045d65107b9d311d922d15887cfd634e4,1
0xb893a8049f250b57efa8c62d51527a22404d7c9a,1
0xd4c64f0fe38ecdaf0baefd7859e18185a73b9aa3,2
0xf063fe1ab7a291c5d06a86e14730b00bf24cb589,1
0x050c9873888f10039ba71d90f9a8be068c52e61d,1
0x0a0e3bfd5a8ce610e735d4469bc1b3b130402267,1
0x29127fe04ffa4c32acac0ffe17280abd74eac313,1
0x3a810ff7211b40c4fa76205a14efe161615d0385,1
0x6defded4e58bacb62b63a2304e2b5576e8bb3a33,1
0x0ff6ffcfda92c53f615a4a75d982f399c989366b,1
0x35fa0c1fe6a7b7a97490bcb9f0cb50742dbdb1b8,2
0x96e61422b6a9ba0e068b6c5add4ffabc6a4aae27,2
0x9cf4679c67bee8da2d6f58c64592fff6bee79330,2
0xda345dfa9b1e5f41523c99aaee87f11a803a6e43,1
0x22fc40816adc9f26e479e453d6f7af771ce85a7b,2
0x5ce188b44266c7b4bbc67afa3d16b2eb24ed1065,1
0x6e10aacb89a28d6fa0fe68790777fec7e7f01890,1
0xbbcd93a1809239e3a4beb1b02fa6f8a83f7000b2,2
0xd559f20296ff4895da39b5bd9add54b442596a61,1
0xdb42116871bde6b1e6492848724111ae93fd271f,26
0x1c0d06d55d9237c5959f79736102cda691bd1d89,1
0x363f071a901f92a11a041bf491f35cdd18224289,4
0x913d8adf7ce6986a8cbfee5a54725d9eea4f0729,1
0xaa99199d1e9644b588796f3215089878440d58e0,1
0xc17c30e98541188614df99239cabd40280810ca3,1
0xdf7a6a1214b3cbd3f9812434437f61a0d4cbbe1f,1
0x159751323a9e0415dd3d6d42a1212fe9f4a0848c,1
0x50bc2ecc0bfdf5666640048038c1aba7b7525683,1
0x5adc961d6ac3f7062d2ea45fefb8d8167d44b190,1
0xe1c7e30c42c24582888c758984f6e382096786bd,1
0x14dfa5cfaafe89d81d7bf3df4e11eaeda0416618,1
0x2c974b2d0ba1716e644c1fc59982a89ddd2ff724,1
0x7ff7a55a7c637e3953ab25569c335e04b96c475b,1
0x234736f78a6f18d20d3d2ed0544c55d38f26b1cd,2
0x3f20e2c1e8ff57d5c6965a4a2a87ff540a05eb4d,3
0x612e1726435fe38dd49a0b35b4065b56f49c8f11,1
0x1c83869d19d5ae73334c3480cc1a00268026e6fa,1
0x4a8f5f96d5436e43112c2fbc6a9f70da9e4e16d4,1
0x4dc3643dbc642b72c158e7f3d2ff232df61cb6ce,1
0x5cf04716ba20127f1e2297addcf4b5035000c9eb,1
0xa5def515cfd373d17830e7c1de1639cb3530a112,1
0xd593e7e8eab3c937662706558e6ab301f47bf4bd,1
0xf722b7b4876cbba560846556dd1f5932eb503de2,2
0xf9a2d7e60a3297e513317ad1d7ce101cc4c6c8f6,1
0x34b3074851bde2e462e361ea4b0841912110ffd2,2
0x7d4b1d793239707445305d8d2456d2c735f6b25b,1
0xe477292f1b3268687a29376116b0ed27a9c76170,1
0xe770493b2663004b356d3374ec23ea52f6c82ca6,1
0xe7b553d546144b060f4b870a4215da0e74ec7814,1
0x3540abe4f288b280a0740ad5121aec337c404d15,1
0x35e78b3982e87ecfd5b3f3265b601c046cdbe232,1
0x4330b9b4313b682472804c39dc33636d11e14ab6,1
0x6368e1e18c4c419ddfc608a0bed1ccb87b9250fc,1
0xae1f8909be9d259cdbc6a4c3ff84c4a0d1d5fbc8,1
0xc52c326331e9ce41f04484d3b5e5648158028804,2
0xdadd418856a0d2f188d50288a4c6bf998869b3e2,1
0xf55b1d6f7a00eb14e5b1666144dea17f71cf4354,1
0x1a76bffd6d1fc1660e1d0e0552fde51ddbb120cf,1
0x2662887aebe121ae0f7b3698b4ddcc413dfb3516,1
0xa0b0bf424aa245be8cf602ae479187db85c5a36b,21
0xb9d99c33ea2d86ec5ec6b8a4dd816ebba64404af,1
0xb115c71082824b7dee7af5ef5865a1b1f0c900ab,1
0xd7b9732b0f85885915c27717822ee0753de462a7,1
0xee3b9b531f4c564c70e14b7b3bb7d516f33513ff,1
0x4e31cf9090d78d8c649b4bd3fa9c97309c3af40c,1
0xdea8764907cb3077a559eacd703c9736ed9fb3c0,2
0xffffffff2ba8f66d4e51811c5190992176930278,1
0x0a16309db75316e5b92f86126c1e0abb824a38b2,6
0x26e75307fc0c021472feb8f727839531f112f317,1
0xb14ebf566511b9e6002bb286016ab2497b9b9c9d,1
0xea319e87cf06203dae107dd8e5672175e3ee976c,1
0xff5c69e8edc6446a1898698adcf9b1149d5e0306,1
0x36f61c03cd914dab9b247929312de8a3be5ea049,2
0x37c4822dfcea7211d1d9876dabd48c62d46dbaab,1
0x524ebc93beef838f70b4ae54b675d3e971d5884e,1
0x6e0dade58d2d89ebbe7afc384e3e4f15b70b14d8,1
0x73fbfd424f0c1c8f7a84fdbb800a26d5d72fdbec,2
0x7f0693074f8064cfbcf9fa6e5a3fa0e4f58ccccf,1
0xb57420fad6731b004309d5a0ec7c6c906adb8df7,1
0xc502002aeb1b9309fccb016adf50507987fc6c2b,1
0x11b0a8c0fa626627601ed518c3538a39d92d609e,1
0x6bc8b0343e9c73951d9ed371c19aaec817fccbf0,1
0x8cb20fa15310178a28f69984b20aa20fa3d20ed2,2
0xa01199c61841fce3b3dafb83fefc1899715c8756,1
0xa29137931e50fa64353821b0e53d93eb2398042e,1
0xe0955f26515d22e347b17669993fcefcc73c3a0a,1
0x1f3f9d3068568f8040775be2e8c03c103c61f3af,1
0x2cf47457a1e9c7bff57fc24fbd3046a72d64f328,2
0x42b4df7e402a71eae743c6c5410ce3bbb63aef22,1
0x5245c0249e5eeb2a0838266800471fd32adb1089,1
0x5d3a536e4d6dbd6114cc1ead35777bab948e3643,1
0x6471283c620389b372926c62b497033425f54568,2
0x6725363e565baa1dda45d492810298ae0b25c4ac,1
0xb1f1c1c08953f18b4d044383cd898e1a362e11b9,1
0xfa898efdb91e35bd311c45b9b955f742b6719aa2,1
0x2ef52ed7de8c5ce03a4ef0efbe9b7450f2d7edc9,1
0xb8a271decd1b815231be38839fe9576f99e60702,2
0xfdd4e938bb067280a52ac4e02aaf1502cc882ba6,1
0x24e89bdf2f65326b94e36978a7edeac63623dafa,1
0x398aea1c9ceb7de800284bb399a15e0efe5a9ec2,1
0x901e64b6f1a31cbee342df175ed82af9bdf6b887,1
0xe9f1d62c671efe99896492766c0b416bd3fb9e52,1
0xf66cd2f8755a21d3c8683a10269f795c0532dd58,1
0x1f3f677ecc58f6a1f9e2cf410df4776a8546b5de,1
0x39f7c74d34d7284418ad133d0f2c007036708819,2
0x69a95185ee2a045cdc4bcd1b1df10710395e4e23,1
0xc55c2175e90a46602fd42e931f62b3acc1a013ca,1
0xd34a24006b862f4e9936c506691539d6433ad297,1
0x27c4af9a860c4cadc358005f8b48140b2e434a7b,1
0x45080a6531d671ddff20db42f93792a489685e32,1
0x77132bb08b02a7a87732ec289efab45edf49884f,2
0xa70e3e0589207306fe1c3bc9397a2dc01e31c546,6
0xc1a85faa09c7f7247899f155439c5488b43e8429,2
0xd4ca5c2aff1eefb0bea9e9eab16f88db2990c183,1
0x081131434f93063751813c619ecca9c4dc7862a3,1
0x3ac910476af396fd68f74008281acca80334e589,1
0x3ca4323a72efc510520470421a869ffe6cd37066,3
0x3d0293f06daf4311b482564330d57c8db6c10893,1
0xad2e4a8c59aa13108a9b8720c43f6109e5a66bd1,2
0xc0b182b2e06164568a3310ca1086e9bf19209e6c,2
0xd8e3fb3b08eba982f2754988d70d57edc0055ae6,1
0x081dc55c0f3f129fc1669f3dae88d41f4b6290c2,4
0x226bb599a12c826476e3a771454697ea52e9e220,1
0x5ecd30eede3d6c2fbbdf7974b38788e9a70bce36,2
0x65f9a292f1aeed5d755aa2fd2fb17ab2e9431447,1
0x843c97b22fcbba1b719df8ad920ea2b9fdaa0661,14
0xd5525d397898e5502075ea5e830d8914f6f0affe,1
0xf2b15e8191da9de0d2e9d766a69602fd589360db,2
0xf552b656022c218c26dad43ad88881fc04116f76,1
0x2ec3275f7ace4044e499823f511cd58250be8e3d,1
0x3a0b022f32b3191d44e5847da12dc0b63fb07c91,1
0x558ebb77595b244077d4f98c6ab877bfe38b304c,1
0xc719d010b63e5bbf2c0551872cd5316ed26acd83,1
0x1cd939fe31883cddf30c0e698ad4fdbadcb90431,2
0x23464fb65ff1a8e7a9a1318dfa56185a4950cf8b,2
0x5166e09628b696285e3a151e84fb977736a83575,1
0x9b06d48e0529ecf05905ff52dd426ebec0ea3011,1
0xb6ca7399b4f9ca56fc27cbff44f4d2e4eef1fc81,1
0xbf2179859fc6d5bee9bf9158632dc51678a4100e,1
0xeefd454acacb4c43636e22d1fe412be5417f1c02,1
0x15eabb7500e44b7fdb6e4051ca8deca430cf9fb8,1
0x684702b59e5d39ecbcb19cea71747d989bc384e7,2
0x7cc62d8e80be9bea3947f3443ad136f50f75b505,1
0x7ccb2b7d0e8455b6be9c39417e5fe855aa831fd8,2
0x7f63908c962a0455b5e08560f5529726ac82a59f,1
0xc666081073e8dff8d3d1c2292a29ae1a2153ec09,1
0xd6a5ab46ead26f49b03bbb1f9eb1ad5c1767974a,1
0xee9681b1b4d669e61bc3a4013836c2629821c9b2,1
0xeeeeeb57642040be42185f49c52f7e9b38f8eeee,1
0xf71dc99445df28b758b20990d589d14e267b9d5c,2
0x04969cd041c0cafb6ac462bd65b536a5bdb3a670,1
0x2b9024d83c327b5012f54829ed283b110dee5140,2
0x4fadc7a98f2dc96510e42dd1a74141eeae0c1543,1
0x85ffb35957203dfd12061eaecd708db623bd567c,1
0x94e496474f1725f1c1824cb5bdb92d7691a4f03a,1
0x9f9913853f749b3fe6d6d4e16a1cc3c1656b6d51,1
0xeb57bf569ad976974c1f861a5923a59f40222451,1
0xf725f73caee250ae384ec38bb2c77c38ef2cccea,2
0x5cdbc43482d6d98a2cb130ef6117d3888ce92253,2
0xae4cceb87ec5cb90b06f94fe39d435b871ef967e,1
0xf32aa187d5bc16a2c02a6afb7df1459d0d107574,1
0x18255f76a9efd79f39e13c9da84922946f37e3ce,1
0x4cd0c43b0d53bc318cc5342b77eb6f124e47f526,1
0xac3211a5025414af2866ff09c23fc18bc97e79b1,1
0xbed85cf4c249bd5fc187af600d652dd2beefddea,1
0x0aee8703d34dd9ae107386d3eff22ae75dd616d1,1
0x45d0749a4e355495c675673d4f3b36a67aa08046,1
0x86ed939b500e121c0c5f493f399084db596dad20,1
0x944eee930933be5e23b690c8589021ec8619a301,2
0xae1eaae3f627aaca434127644371b67b18444051,1
