0x00c83aecc790e8a4453e5dd3b0b4b3680501a7a7,1
0x03be5c903c727ee2c8c4e9bc0acc860cca4715e2,1
0x0b452278223d3954f4ac050949d7998e373e7e43,4
0x0c572544a4ee47904d54aaa6a970af96b6f00e1b,1
0x0d86eb9f43c57f6ff3bc9e23d8f9d82503f0e84b,1
0x0f2d719407fdbeff09d87557abb7232601fd9f29,2
0x120c4999b36d96643507384bf2f3da6bddafad07,1
0x1e4ede388cbc9f4b5c79681b7f94d36a11abebc9,2
0x2260fac5e5542a773aa44fbcfedf7c193bc2c599,25
0x227c7df69d3ed1ae7574a1a7685fded90292eb48,2
0x232fb065d9d24c34708eedbf03724f2e95abe768,1
0x25f8087ead173b73d6e8b84329989a8eea16cf73,1
0x2b591e99afe9f32eaa6214f7b7629768c40eeb39,5
0x30dcba0405004cf124045793e1933c798af9e66a,1
0x33d0568941c0c64ff7e0fb4fba0b11bd37deed9f,3
0x39207d2e2feef178fbda8083914554c59d9f8c00,1
0x4abb9cc67bd3da9eb966d1159a71a0e68bd15432,1
0x4e4a47cac6a28a62dcc20990ed2cda9bc659469f,2
0x5a98fcbea516cf06857215779fd812ca3bef1b32,1
0x62a8c2818bd7034dc24cd22368c3e53e8eb47c18,1
0x65ef703f5594d2573eb71aaf55bc0cb548492df4,3
0x6b175474e89094c44da98b954eedeac495271d0f,15
0x706cb9e741cbfee00ad5b3f5acc8bd44d1644a74,1
0x73600f631dc373007da8dfcff57fb7283499c763,1
0x89568569da9c83cb35e59f92f5df2f6ca829eeee,1
0x920a12c59a64e632e1c1fa7d2c3b0ea4940e57c3,1
0x92d6c1e31e14520e676a687f0a93788b716beff5,7
0x95ad61b0a150d79219dcf64e1e6cc01f0b64c4ce,2
0x967da4048cd07ab37855c090aaf366e4ce1b9f48,1
0x9813037ee2218799597d83d4a5b6f3b6778218d9,3
0x9e32b13ce7f2e80a01932b42553652e053d6ed8e,1
0xa0b86991c6218b36c1d19d4a2e9eb0ce3606eb48,72
0xa0e5515e3587ebce57f5da9ba6a952fc7a5c255d,1
0xaa7fb1c8ce6f18d4fd4aabb61a2193d4d441c54f,1
0xabe61b9355879bf0ec83b74736cdd966496bd9fc,1
0xae78736cd615f374d3085123a210448e74fc6393,1
0xaf9f549774ecedbd0966c52f250acc548d3f36e5,1
0xb0d47dd82fb8facb1bc4ba534a836b545ad97d2b,1
0xbba39fd2935d5769116ce38d46a71bde9cf03099,1
0xc02aaa39b223fe8d0a0e5c4f27ead9083c756cc2,142
0xc18360217d8f7ab5e7c516566761ea12ce7f9d72,1
0xc834fa996fa3bec7aad3693af486ae53d8aa8b50,1
0xc944e90c64b2c07662a292be6244bdf05cda44a7,1
0xcbc6922bb75e55d7ca5dabcf0ea2d7787fd023f6,1
0xccc8cb5229b0ac8069c51fd58367fd1e622afd97,1
0xd33b79f237508251e5740c5229f2c8ea47ee30c8,1
0xd533a949740bb3306d119cc777fa900ba034cd52,1
0xdac17f958d2ee523a2206206994597c13d831ec7,30
0xe0ad1806fd3e7edf6ff52fdb822432e847411033,2
0xe3c408bd53c31c085a1746af401a4042954ff740,2
0xea1ea0972fa092dd463f2968f9bb51cc4c981d71,2
0xeeeeeeeeeeeeeeeeeeeeeeeeeeeeeeeeeeeeeeee,1
0xf1f955016ecbcd7321c7266bccfb96c68ea5e49b,1
0xf4d2888d29d722226fafa5d9b24f9164c092421e,1
0xf99d58e463a2e07e5692127302c20a191861b4d6,2
0xfa5047c9c78b8877af97bdcb85db743fd7313d4a,1
0x00a8b738e453ffd858a7edf03bccfe20412f0eb0,1
0x131157c6760f78f7ddf877c0019eba175ba4b6f6,1
0x2ffc2e7a7525e6ae86c303ec1f4e49d319994c9a,1
0x321c2fe4446c7c963dc41dd58879af648838f98d,1
0x3819f64f282bf135d62168c1e513280daf905e06,4
0x419d0d8bdd9af5e606ae2232ed285aff190e711b,2
0x4e15361fd6b4bb609fa63c81a2be19d873717870,1
0x514910771af9ca656af840dff83e8264ecf986ca,2
0x5b52bfb8062ce664d74bbcd4cd6dc7df53fd7233,2
0x6123b0049f904d730db3c36a31167d9d4121fa6b,4
0x79a06acb8bdd138beeecce0f1605971f3ac7c09b,1
0x8400d94a5cb0fa0d041a3788e395285d61c9ee5e,2
0x93f062dc30e9087a79224e80d7fc50fd41dceefa,1
0x9506d37f70eb4c3d79c398d326c871abbf10521d,3
0xb8c77482e45f1f44de1745f52c74426c631bdd52,1
0xc5fb36dd2fb59d3b98deff88425a3f425ee469ed,1
0xc94f3e2ade5e92389af7e543657211ecccaff11e,4
0xcd17fa52528f37facb3028688e62ec82d9417581,1
0xd084944d3c05cd115c09d072b9f44ba3e0e45921,1
0xdb4d1099d53e92593430e33483db41c63525f55f,1
0xe1d7c7a4596b038ced2a84bf65b8647271c53208,2
0xebd9d99a3982d547c5bb4db7e3b1f9f14b67eb83,1
0xef952363c1d990a2fa58f8b379a9fa33bad1dfd1,1
0xf57e7e7c23978c3caec3c3548e3d615c346e79ff,1
0xfca59cd816ab1ead66534d82bc21e7515ce441cf,1
0x009668a9691e456972c8ec4cc84e99486308b84d,2
0x05fc938cc60fb71381514877d66478bab7e2e1ce,1
0x0e58ed58e150dba5fd8e5d4a49f54c7e1e880124,1
0x173e552bf97bbd50b455514ac52991ef639ba703,1
0x18aaa7115705e8be94bffebde57af9bfc265b998,1
0x299698b4b44bd6d023981a7317798dee12860834,1
0x317eb4ad9cfac6232f0046831322e895507bcbeb,1
0x44709a920fccf795fbc57baa433cc3dd53c44dbe,1
0x473037de59cf9484632f4a27b509cfe8d4a31404,2
0x491c0068480e94405f18f11b915a74609b9642cc,2
0x549020a9cb845220d66d3e9c6d9f9ef61c981102,1
0x641927e970222b10b2e8cdbc96b1b4f427316f16,2
0x64aa3364f17a4d01c6f1751fd97c2bd3d7e7f1d5,1
0x67b6d479c7bb412c54e03dca8e1bc6740ce6b99c,1
0x7d1afa7b718fb893db30a3abc0cfc608aacfebb0,2
0x8129b03c15ec6e7373b57de20e60d023b8f377f3,1
0x817bbdbc3e8a1204f3691d14bb44992841e3db35,1
0x852e5427c86a3b46dd25e5fe027bb15f53c4bcb8,2
0x853d955acef822db058eb8505911ed77f175b99e,2
0x8a8116a794744977941c7d3743517410969aacbb,1
0x8bbca43de63019b9d87e21b572b2db8ade7692d8,1
0x9590d8c06ba451bbad0893f2ef0d2a8b5acc67d3,1
0xae697f994fc5ebc000f8e22ebffee04612f98a0d,1
0xbc396689893d065f41bc2c6ecbee5e0085233447,3
0xdb0acc14396d108b3c5574483acb817855c9dc8d,1
0xdc0327d50e6c73db2f8117760592c8bbf1cdcf38,1
0xde30da39c46104798bb5aa3fe8b9e0e1f348163f,1
0xe6602b34d8510b033e000975b3322537c7172441,1
0xe6fe0258d182a88931b7fe32d6f80042f122d066,1
0xf3b9569f82b18aef890de263b84189bd33ebe452,1
0xffc8ca4e83416b7e0443ff430cc245646434b647,1
0x050d94685c6b0477e1fc555888af6e2bb8dfbda5,1
0x0642026e7f0b6ccac5925b4e7fa61384250e1701,1
0x090185f2135308bad17527004364ebcc2d37e5f6,1
0x0f5d2fb29fb7d3cfee444a200298f468908cc942,1
0x0fd10b9899882a6f2fcb5c371e17e70fdee00c38,1
0x126c121f99e1e211df2e5f8de2d96fa36647c855,1
0x1f9840a85d5af5bf1d1762f925bdaddc4201f984,3
0x20407c1a1cd8d683dc257210945492e1e99bb3ef,1
0x25140361e3c6133e63d43a590ec8975fc8ed11bc,1
0x26c8afbbfe1ebaca03c2bb082e69d0476bffe099,2
0x2ba592f78db6436527729929aaf6c908497cb200,1
0x34f0915a5f15a66eba86f6a58be1a471fb7836a7,4
0x3506424f91fd33084466f402d5d97f05f8e3b4af,1
0x35ba8966aa3d81e007d2cbc167172583a07dff8c,2
0x3b0bd908126ce773b51870944cef49af0adc7f83,1
0x493cbbd4a5da462e3dbc3e5c8e2a1e37d1d03cac,1
0x4c2e59d098df7b6cbae0848d66de2f8a4889b9c3,1
0x4d224452801aced8b2f0aebe155379bb5d594381,1
0x4de6233daa30d2b08cd1949e7b11ec91d6a100b7,1
0x4fabb145d64652a948d72533023f6e7a623c7c53,1
0x528b3e98c63ce21c6f680b713918e0f89dfae555,1
0x5fe8c486b5f216b9ad83c12958d8a03eb3fd5060,1
0x607f4c5bb672230e8672085532f7e901544a7375,1
0x6b3595068778dd592e39a122f4f5a5cf09c90fe2,8
0x73968b9a57c6e53d41345fd57a6e6ae27d6cdb2f,1
0x767fe9edc9e0df98e07454847909b5e959d7ca0e,1
0x77777feddddffc19ff86db637967013e6c6a116c,1
0x78132543d8e20d2417d8a07d9ae199d458a0d581,1
0x9576e1b0d97f5a3d4a32e87bf9100369d82dd7b6,1
0x99ea4db9ee77acd40b119bd1dc4e33e1c070b80d,1
0xa2b4c0af19cc16a6cfacce81f192b024d625817d,1
0xa4582f7cd04c6fdca6df023fc325e4eee4a3f469,1
0xaaca86b876ca011844b5798eca7a67591a9743c8,1
0xb1f1f47061a7be15c69f378cb3f69423bd58f2f8,1
0xb6ca7399b4f9ca56fc27cbff44f4d2e4eef1fc81,1
0xcc1c0fbaecf0fe1c4703d77ec284cdf8a06253c5,31
0xce3f08e664693ca792cace4af1364d5e220827b2,1
0xd2b49ba5c0685fabbe4a1a5da0c869b737746595,1
0xe7ae6d0c56cacaf007b7e4d312f9af686a9e9a04,1
0xf8e386eda857484f5a12e4b5daa9984e06e73705,1
0x00813e3421e1367353bfe7615c7f7f133c89df74,1
0x037a54aab062628c9bbae1fdb1583c195585fe41,1
0x0a913bead80f321e7ac35285ee10d9d922659cb7,1
0x0d02755a5700414b26ff040e1de35d337df56218,10
0x1852baaf94015634d948862d03ff04489772cf65,1
0x1a7e4e63778b4f12a199c062f3efdd288afcbce8,1
0x20d4db1946859e2adb0e5acc2eac58047ad41395,1
0x249e38ea4102d0cf8264d3701f1a0e39c4f2dc3b,1
0x263fee29b0b5609058d340ae707c4f8f48c355f7,1
0x3301ee63fb29f863f2333bd4466acb46cd8323e6,2
0x3540abe4f288b280a0740ad5121aec337c404d15,1
0x3af33bef05c2dcb3c7288b77fe1c8d2aeba4d789,1
0x3c8d2fce49906e11e71cb16fa0ffeb2b16c29638,2
0x41d5d79431a913c4ae7d69a668ecdfe5ff9dfb68,1
0x535e9604afad7441556ded9cca31721e89598eda,1
0x55296f69f40ea6d20e478533c15a6b08b654e758,1
0x61e28942171eee7f9ea4e25be9ce1b08c81ea514,1
0x6704b673c70de9bf74c8fba4b4bd748f0e2190e1,1
0x761d38e5ddf6ccf6cf7c55759d5210750b5d60f3,1
0x777e2ae845272a2f540ebf6a3d03734a5a8f618e,2
0x785c34312dfa6b74f6f1829f79ade39042222168,1
0x7a2bc711e19ba6aff6ce8246c546e8c4b4944dfd,1
0x7fc66500c84a76ad7e9c93437bfc5ac33e2ddae9,1
0x84fa8f52e437ac04107ec1768764b2b39287cb3e,1
0x865377367054516e17014ccded1e7d814edc9ce4,1
0x8d499a1683d8011691d21a3d84e305bc55512316,1
0x93da361fcb2c116b16f0ec7ff44d30c89b809f75,1
0x956f47f50a910163d8bf957cf5846d573e7f87ca,1
0xa0b73e1ff0b80914ab6fe0444e65848c4c34450b,2
0xac57de9c1a09fec648e93eb98875b212db0d460b,1
0xbb0e17ef65f82ab018d8edd776e8dd940327b28b,1
0xc50ef449171a51fbeafd7c562b064b6471c36caa,2
0xc82e3db60a52cf7529253b4ec688f631aad9e7c2,2
0xd1cd47746b8e72359b28c1c84a4f6a19dc1a0ee5,1
0xd33526068d116ce69f19a9ee46f0bd304f21a51f,1
0xd71ecff9342a5ced620049e616c5035f1db98620,1
0xe7eaec9bca79d537539c00c58ae93117fb7280b9,1
0x0000000000085d4780b73119b644ae5ecd22b376,1
0x1abaea1f7c830bd89acc67ec4af516284b1bc33c,1
0x1bbf25e71ec48b84d773809b4ba55b6f4be946fb,1
0x212ff7d88c55334b39c2aa676ef000a2c0856c67,3
0x21bfbda47a0b4b5b1248c767ee49f7caa9b23697,1
0x234d51ee02be808a0160b19b689660fb7bfa871b,4
0x2a3bff78b79a009976eea096a51a948a3dc00e34,1
0x34950ff2b487d9e5282c5ab342d08a2f712eb79f,1
0x38d9eb07a7b8df7d86f440a4a5c4a4c1a27e1a08,1
0x3a529a8d4f2ea64d206339fa12a3af4d431f53c3,1
0x3d658390460295fb963f54dc0899cfb1c30776df,1
0x3dd98c8a089dbcff7e8fc8d4f532bd493501ab7f,1
0x3e9bc21c9b189c09df3ef1b824798658d5011937,1
0x408e41876cccdc0f92210600ef50372656052a38,2
0x41a3dba3d677e573636ba691a70ff2d606c29666,1
0x43044f861ec040db59a7e324c40507addb673142,2
0x430ef9263e76dae63c84292c3409d61c598e9682,1
0x43a96962254855f16b925556f9e97be436a43448,1
0x4b1d0b9f081468d780ca1d5d79132b64301085d1,1
0x4bd70556ae3f8a6ec6c4080a0c327b24325438f3,1
0x4ccb3c1c10eec6f430ec15a3414bec27ee5cc1d3,1
0x4ce2e13c2bd7e1c8a42d4652fc7883af23c4b087,2
0x4d0f56d728c5232ab07faa0bdcba23670a35451f,2
0x4da08a1bff50be96bded5c7019227164b49c2bfc,1
0x4e3fbd56cd56c3e72c1403e103b45db9da5b9d2b,1
0x631c6b3332dcc35314faf56e81eea792ffcc3c2a,1
0x84ca8bc7997272c7cfb4d0cd3d55cd942b3c9419,1
0x8af5fedc0f263841c18f31d9dbcc97a47e1ab462,1
0x8b3192f5eebd8579568a2ed41e6feb402f93f73f,1
0x9f31df87fa963b8b2ac249b5c54cfa41e7e184eb,1
0xa2881f7f441267042f9778ffa0d4f834693426be,1
0xa3bed4e1c75d00fa6f4e5e6922db7261b5e9acd2,1
0xa5b947687163fe88c3e6af5b17ae69896f4abccf,1
0xaa6e8127831c9de45ae56bb1b0d4d4da6e5665bd,1
0xae7ab96520de3a18e5e111b5eaab095312d7fe84,1
0xb05097849bca421a3f51b249ba6cca4af4b97cb9,1
0xbd3de9a069648c84d27d74d701c9fa3253098b15,1
0xc18c07a18198a6340cf4d94855fe5eb6dd33b46e,1
0xc6bdb96e29c38dc43f014eed44de4106a6a8eb5f,1
0xcf0c122c6b73ff809c693db761e7baebe62b6a2e,1
0xd31a59c85ae9d8edefec411d448f90841571b89c,1
0xdb5c3c46e28b53a39c255aa39a411dd64e5fed9c,2
0xddac9c604ba6bc4acec0fbb485b83f390ecf2f31,1
0xe28b3b32b6c345a34ff64674606124dd5aceca30,1
0xe41d2489571d322189246dafa5ebde1f4699f498,1
0xeb4c2781e4eba804ce9a9803c67d0893436bb27d,1
0xec681f28f4561c2a9534799aa38e0d36a83cf478,1
0xedb171c18ce90b633db442f2a6f72874093b49ef,1
0xf411903cbc70a74d22900a5de66a2dda66507255,1
0xf65b5c5104c4fafd4b709d9d60a185eae063276c,2
0xf8c3527cc04340b208c854e985240c02f7b7793f,1
0x014550a34149231b8432b8dd210fadd81b1d2668,1
0x0d438f3b5175bebc262bf23753c1e53d03432bde,1
0x1ceb5cb57c4d4e2b2433641b95dd330a33185a44,1
0x2ab6bb8408ca3199b8fa6c92d5b455f820af03c4,2
0x34be5b8c30ee4fde069dc878989686abe9884470,1
0x389999216860ab8e0175387a0c90e5c52522c945,1
0x3b9be07d622accaed78f479bc0edabfd6397e320,1
0x4730fb1463a6f1f44aeb45f6c5c422427f37f4d0,1
0x4fb721ef3bf99e0f2c193847afa296b9257d3c30,1
0x517ab044bda9629e785657dbbcae95c40c8f452c,1
0x57ab1ec28d129707052df4df418d58a2d46d5f51,1
0x57f7169809e0f30c2f3d7332710115c1f9236525,1
0x59d1e836f7b7210a978b25a855085cc46fd090b5,1
0x6781a0f84c7e9e846dcb84a9a5bd49333067b104,2
0x69fa8e7f6bf1ca1fb0de61e1366f7412b827cc51,1
0x6c165a73dcce12127a6147ee4abf5a5ed6679f4e,1
0x6c6ee5e31d828de241282b9606c8e98ea48526e2,1
0x7a5d3a9dcd33cb8d527f7b5f96eb4fef43d55636,1
0x8052327f1baf94a9dc8b26b9100f211ee3774f54,1
0x88cb253d4c8cab8cdf7948a9251db85a13669e23,1
0x916c5de09cf63f6602d1e1793fb41f6437814a62,1
0xa47c8bf37f92abed4a126bda807a7b7498661acd,1
0xa71d0588eaf47f12b13cf8ec750430d21df04974,1
0xac8e13ecc30da7ff04b842f21a62a1fb0f10ebd5,1
0xacb025fb9e6ef8128d6ea6d80b7cb9dfce2b1401,11
0xadfb28426864c0ff169f5dcead2efdd09e0deec9,1
0xaf5191b0de278c7286d6c7cc6ab6bb8a73ba2cd6,1
0xb5588c411ba0bb7d38865fdc51d082d004e519f7,1
0xbaac2b4491727d78d2b78815144570b9f2fe8899,1
0xbb4b2f7f1c6d52de6e84d74ace6c07b344d3f6bf,1
0xbbbbca6a901c926f240b89eacb641d8aec7aeafd,1
0xbd31ea8212119f94a611fa969881cba3ea06fa3d,1
0xc00e94cb662c3520282e6f5717214004a7f26888,1
0xc481a850aead5002598b7ed355cbb3349c148072,1
0xcfef8857e9c80e3440a823971420f7fa5f62f020,1
0xd2877702675e6ceb975b4a1dff9fb7baf4c91ea9,2
0xd291e7a03283640fdc51b121ac401383a46cc623,1
0xdb769b78351544a16ebc8a04da40366a90583795,1
0xe635b156d3f2354a1fda06d3fc431f641931a5e4,1
0xeef9f339514298c6a857efcfc1a762af84438dee,1
0xf1b99e3e573a1a9c5e6b2ce818b617f0e664e86b,1
0xf4a955789e41680ee03d1028fe0a3d43a5e70763,1
0xfe6643eeb6b69860a1cd62a5c36e4736d6e0fcd6,1
0x0cdf9acd87e940837ff21bb40c9fd55f68bba059,1
0x27702a26126e0b3702af63ee09ac4d1a084ef628,1
0x2a54ba2964c8cd459dc568853f79813a60761b58,1
0x2b52cc9051991b42a77ca1dc703f6d15e0981241,1
0x2b915b505c017abb1547aa5ab355fbe69865cc6d,2
0x3432b6a60d23ca0dfca7761b7ab56459d9c964d0,1
0x372c95ce229a7af37d141f627d09f6df1dbaa741,1
0x3758e00b100876c854636ef8db61988931bb8025,3
0x3845badade8e6dff049820680d1f14bd3903a5d0,1
0x3ed3ebab8059108cbef28e3d5b35016a5bdb66e3,1
0x43ab765ee05075d78ad8aa79dcb1978ca3079258,1
0x4691937a7508860f876c9c0a2a617e7d9e945d4b,1
0x48c3399719b582dd63eb5aadf12a40b4c3f52fa2,1
0x52190ca370fbb3b354976e7900e9b6787bc7d240,1
0x59c6900949ad1835f07a04321f4d9934a054e114,1
0x6adb2e268de2aa1abf6578e4a8119b960e02928f,1
0x7c7cb2b538f3a599c813b4347511c6d02c0eb782,1
0x8a3d77e9d6968b780564936d15b09805827c21fa,1
0x993864e43caa7f7f12953ad6feb1d1ca635b875f,1
0x9c4a4204b79dd291d6b6571c5be8bbcd0622f050,2
0x9e976f211daea0d652912ab99b0dc21a7fd728e4,1
0x9f8f72aa9304c8b593d555f12ef6589cc3a579a2,1
0xc28e27870558cf22add83540d2126da2e4b464c2,1
0xe5b826ca2ca02f09c1725e9bd98d9a8874c30532,1
0xebffe15ca719a2962c1f283f482fc146cda9d24c,2
0xfe2e637202056d30016725477c5da089ab0a043a,1
0x056fd409e1d7a124bd7017459dfea2f387b6d5cd,1
0x111111111117dc0aa78b770fa6a738034120c302,2
0x111111517e4929d3dcbdfa7cce55d30d4b6bc4d6,1
0x27c70cd1946795b66be9d954418546998b546634,2
0x310c8f00b9de3c31ab95ea68feb6c877538f7947,1
0x35c807edb46fb6a4b310a74f4801ecdb6b8ff36b,1
0x37fe0f067fa808ffbdd12891c0858532cfe7361d,1
0x464fdb8affc9bac185a7393fd4298137866dcfb8,1
0x5b1d655c93185b06b00f7925791106132cb3ad75,1
0x7051faed0775f664a0286af4f75ef5ed74e02754,1
0x77f9cf0bd8c500cffdf420e72343893aecc2ec0b,1
0x7d4b1d793239707445305d8d2456d2c735f6b25b,1
0x8207c1ffc5b6804f6024322ccf34f29c3541ae26,1
0xa1d6df714f91debf4e0802a542e13067f31b8262,1
0xaa7a9ca87d3694b5755f213b5d04094b8d0f0a6f,1
0xaaaaaa20d9e0e2461697782ef11675f668207961,1
0xae788f80f2756a86aa2f410c651f2af83639b95b,2
0xba11d00c5f74255f56a5e366f4f77f5a186d7f55,1
0xba5bde662c17e2adff1075610382b9b691296350,1
0xbe1fa1303e2979ab4d4e5df3d1c6e3656acab027,1
0xcb84d72e61e383767c4dfeb2d8ff7f4fb89abc6e,2
0xd084b83c305dafd76ae3e1b4e1f1fe2ecccb3988,1
0xd137561c20be8e870d62e2ae92269f0950702f77,1
0xe50559a16d5047f53f450e8957c947d1cf4c79a3,1
0xf5b1fd29d23e98db2d9ebb8435e1082e3b38fb65,1
0xf63f99a11e01b7e3b8568316947324f24e83fddc,2
0xf725f73caee250ae384ec38bb2c77c38ef2cccea,1
0x0b38210ea11411557c13457d4da7dc6ea731b88a,2
0x0d8775f648430679a709e98d2b0cb6250d2887ef,2
0x12b19d3e2ccc14da04fae33e63652ce469b3f2fd,1
0x15d4c048f83bd7e37d49ea4c83a07267ec4203da,2
0x295b42684f90c77da7ea46336001010f2791ec8c,1
0x2c7800f451bb32e8332b3cf5225590f5018d96a5,1
0x3106a0a076bedae847652f42ef07fd58589e001f,1
0x32e6c34cd57087abbd59b5a4aecc4cb495924356,1
0x3aada3e213abf8529606924d8d1c55cbdc70bf74,1
0x40fd72257597aa14c7231a7b1aaa29fce868f677,1
0x62b9c7356a2dc64a1969e19c23e4f579f9810aa7,1
0x666d875c600aa06ac1cf15641361dec3b00432ef,1
0x9d71ce49ab8a0e6d2a1e7bfb89374c9392fd6804,1
0xab167e816e4d76089119900e941befdfa37d6b32,1
0xc011a73ee8576fb46f5e1c5751ca3b9fe0af2a6f,2
0xcd7492db29e2ab436e819b249452ee1bbdf52214,1
0xdbdb4d16eda451d0503b854cf79d55697f90c8df,1
0xdc349913d53b446485e98b76800b6254f43df695,1
0xdf09a216fac5adc3e640db418c0b956076509503,1
0xe7f58a92476056627f9fdb92286778abd83b285f,1
0xf0f9d895aca5c8678f706fb8216fa22957685a13,1
0x1494ca1f11d487c2bbe4543e90080aeba4ba3c2b,1
0x2653891204f463fb2a2f4f412564b19e955166ae,1
0x43dfc4159d86f3a37a5a4b3d4580b888ad7d4ddd,1
0x58b6a8a3302369daec383334672404ee733ab239,1
0x7ae0d42f23c33338de15bfa89c7405c068d9dc0a,1
0x7e77dcb127f99ece88230a64db8d595f31f1b068,1
0x7f39c581f595b53c5cb19bd0b3f8da6c935e2ca0,1
0x8a854288a5976036a725879164ca3e91d30c6a1b,1
0x9340327a04efd84c1c14ce939025c6c4847a1ff8,1
0xaaaebe6fe48e54f431b0c390cfaf0b017d09d42d,1
0xc22b30e4cce6b78aaaadae91e44e73593929a3e9,1
0xc669928185dbce49d2230cc9b0979be6dc797957,1
0xc9e23b11e540a2c615f3fdd59385e3d94f4422d4,1
0xf3ae5d769e153ef72b4e3591ac004e89f48107a1,1
0xf418588522d5dd018b425e472991e52ebbeeeeee,1
0xfb130d93e49dca13264344966a611dc79a456bc5,1
0xfe4beb9217cddf2422d4bd65449b76d807b30fe1,1
0x03c7a08451ed5c820958d64116d74de1f7b285d8,1
0x0d88ed6e74bbfd96b831231638b66c05571e824f,1
0x1796ae0b0fa4862485106a0de9b654efe301d0b2,1
0x24196b54b6400049f69fa7f92c3634dfa44689f0,1
0x3ab6ed69ef663bd986ee59205ccad8a20f98b4c2,1
0x3b604747ad1720c01ded0455728b62c0d2f100f0,2
0x4521c9ad6a3d4230803ab752ed238be11f8b342f,2
0x4a220e6096b25eadb88358cb44068a3248254675,1
0x6b9f031d718dded0d681c20cb754f97b3bb81b78,1
0x73a83269b9bbafc427e76be0a2c1a1db2a26f4c2,1
0x7c47101e5814a17f4165ef321e7d836000457cc6,2
0x7db5af2b9624e1b3b4bb69d6debd9ad1016a58ac,1
0x8d04efae4c47de784a188edfdef1fc35b62acc93,1
0x9b82ece6bb6f23a5e4e7b280073fa7948a3d5471,1
0x9fb9ec13a18eff7072ee8ca7ee7a2b295649e00d,1
0xaea46a60368a7bd060eec7df8cba43b7ef41ad85,1
0xbede1f59fa4412556fef69f1b9969f2003e3f8c1,1
0xc631be100f6cf9a7012c23de5a6ccb990eafc133,1
0xd3e4ba569045546d09cf021ecc5dfe42b1d7f6e4,1
0xfb5c6815ca3ac72ce9f5006869ae67f18bf77006,1
0x0913ddae242839f8995c0375493f9a1a3bddc977,1
0x0bc529c00c6401aef6d220be8c6ea1667f6ad93e,1
0x10010078a54396f62c96df8532dc2b4847d47ed3,1
0x15b543e986b8c34074dfc9901136d9355a537e7e,1
0x1c4853ec0d55e420002c5efabc7ed8e0ba7a4121,2
0x1c7e83f8c581a967940dbfa7984744646ae46b29,1
0x2620638eda99f9e7e902ea24a285456ee9438861,1
0x2e1e15c44ffe4df6a0cb7371cd00d5028e571d14,1
0x33e2c129ea670031659ac8852c01d0fe4b297954,1
0x3b484b82567a09e2588a13d54d032153f0c0aee0,1
0x3f5dd1a1538a4f9f82e543098f01f22480b0a3a8,1
0x42bbfa2e77757c645eeaad1655e0911a7553efbc,1
0x45d0749a4e355495c675673d4f3b36a67aa08046,1
0x469332bd13995135576c783cc3e96d53975d1da6,1
0x56015bbe3c01fe05bc30a8a9a9fd9a88917e7db3,1
0x69af81e73a73b40adf4f3d4223cd9b1ece623074,5
0x8290333cef9e6d528dd5618fb97a76f268f3edd4,1
0x82c2f739f4af3b401a9f78d9a0d6844db485f098,1
0x9bd35a17c9c7c8820f89e0277e2046cdc57acb15,1
0x9c2dc0c3cc2badde84b0025cf4df1c5af288d835,1
0xa3c56427683a19f7574b9fc219cfd27d5d6e87fa,1
0xa693b19d2931d498c5b318df961919bb4aee87a5,1
0xa9b1eb5908cfc3cdf91f9b8b3a74108598009096,1
0xb4efd85c19999d84251304bda99e90b92300bd93,1
0xbbc2ae13b23d715c30720f079fcd9b4a74093505,1
0xc4c75f2a0cb1a9acc33929512dc9733ea1fd6fde,2
0xd417144312dbf50465b1c641d016962017ef6240,1
0xf16e81dce15b08f326220742020379b855b87df9,2
0xf72fcd9dcf0190923fadd44811e240ef4533fc86,1
0xfb7b4564402e5500db5bb6d63ae671302777c75a,1
0xfc09c7cfd9c175dd9423ca02ae1249579ab12f12,1
0xfcbe615def610e806bb64427574a2c5c1fb55510,1
0x16631e53c20fd2670027c6d53efe2642929b285c,1
0x24ccedebf841544c9e6a62af4e8c2fa6e5a46fde,1
0x2c69095d81305f1e3c6ed372336d407231624cea,1
0x30f271c9e86d2b7d00a6376cd96a1cfbd5f0b9b3,1
0x3472a5a71965499acd81997a54bba8d852c6e53d,1
0x38baaead4781ce211c3bd2b61f1c6a8320f4ec20,1
0x4330b9b4313b682472804c39dc33636d11e14ab6,1
0x4b48068864f77261838c7849a12853fb94c77a91,1
0x53fd2342b43ecd24aef1535bc3797f509616ce8c,2
0x6fc5af63990aa9e5c5543f5cd8ed148bfa6d9d19,1
0x71ab77b7dbb4fa7e017bc15090b2163221420282,1
0x72e364f2abdc788b7e918bc238b21f109cd634d7,1
0x7497c39f11d2b39b4ef3dbb1e9a9857df6fd5bdc,1
0x7a58c0be72be218b41c608b7fe7c5bb630736c71,1
0x82d3829d97fc2d9987f7ce966486e86bd04716d5,2
0x875773784af8135ea0ef43b5a374aad105c5d39e,1
0x8ae340d333ffb274969f505a6520b91024bc856c,2
0xd5d86fc8d5c0ea1ac1ac5dfab6e529c9967a45e9,1
0xda579367c6ca7854009133d1b3739020ba350c23,1
0xf76d80200226ac250665139b9e435617e4ba55f9,1
0x0d31df7dedd78649a14aae62d99ccb23abcc3a5a,1
0x12bb890508c125661e03b09ec06e404bc9289040,1
0x30d20208d987713f46dfd34ef128bb16c404d10f,1
0x33349b282065b0284d756f0577fb39c158f935e6,1
0x46e98ffe40e408ba6412beb670507e083c8b95ff,2
0x557b933a7c2c45672b610f8954a3deb39a51a8ca,1
0x584bc13c7d411c00c01a62e8019472de68768430,1
0x7121d00b4fa18f13da6c2e30d19c04844e6afdc8,1
0x7659ce147d0e714454073a5dd7003544234b6aa0,1
0x892a6f9df0147e5f079b0993f486f9aca3c87881,1
0xa4eed63db85311e22df4473f87ccfc3dadcfa3e3,2
0xa5f2211b9b8170f694421f2046281775e8468044,1
0xc0ba369c8db6eb3924965e5c4fd0b4c1b91e305f,1
0xc96c1609a1a45ccc667b2b7fa6508e29617f7b69,1
0xd13c7342e1ef687c5ad21b27c2b65d772cab5c8c,2
0xd241d7b5cb0ef9fc79d9e4eb9e21f5e209f52f7d,1
0xd99793a840cb0606456916d1cf5ea199ed93bf97,1
0xed35af169af46a02ee13b9d79eb57d6d68c1749e,1
0xee9801669c6138e84bd50deb500827b776777d28,1
0xf1a91c7d44768070f711c68f33a7ca25c8d30268,2
0xf1dc500fde233a4055e25e5bbf516372bc4f6871,2
0xfb13dfc9f8f3eeddd7c9b581d0d7cf367513ff7c,1
0x005d1123878fc55fbd56b54c73963b234a64af3c,1
0x1559fa1b8f28238fd5d76d9f434ad86fd20d1559,1
0x2370f9d504c7a6e775bf6e14b3f12846b594cd53,2
0x34d31446a522252270b89b09016296ec4c98e23d,1
0x410e731c2970dce3add351064acf5ce9e33fdbf0,1
0x4cc19356f2d37338b9802aa8e8fc58b0373296e7,1
0x68037790a0229e9ce6eaa8a99ea92964106c4703,1
0x7420b4b9a0110cdc71fb720908340c03f9bc03ec,1
0x77fba179c79de5b7653f68b5039af940ada60ce0,4
0x83031984b45553070a088273f341bff7fb4f2f46,1
0x8642a849d0dcb7a15a974794668adcfbe4794b56,1
0x89ab32156e46f46d02ade3fecbe5fc4243b9aaed,1
0x8b3870df408ff4d7c3a26df852d41034eda11d81,1
0xb528b928b75344181dededbb0f49a6c4d847ec6f,1
0xcc8fa225d80b9c7d42f96e9570156c65d6caaa25,1
0xd46ba6d942050d489dbd938a2c909a5d5039a161,1
0xee573a945b01b788b9287ce062a0cfc15be9fd86,1
0x0ec72cd6690db40b16be166858299f19d4f8e5b0,1
0x1a4b46696b2bb4794eb3d4c26f1c55f9170fa4c5,1
0x23884885ef033ac33093473ae9e60825a4c1c39c,2
0x3155ba85d5f96b2d030a4966af206230e46849cb,3
0x4576e6825b462b6916d2a41e187626e9090a92c6,1
0x465a9455ca6459f7a561f47dccf1018e7b3b5f22,1
0x50de6856358cc35f3a9a57eaaa34bd4cb707d2cd,1
0x51fe2e572e97bfeb1d719809d743ec2675924edc,1
0x52f4d5ee6c91e01be67ca1f64b11ed0ee370817d,1
0x5af2be193a6abca9c8817001f45744777db30756,1
0x5f98805a4e8be255a32880fdec7f6728c6568ba0,1
0x69c275c3cbd7edf5e6942149266ce8505c65baf8,1
0x6ad61128aba16b9d4295e6cf8bdb57b70085c9c7,1
0x841fb148863454a3b3570f515414759be9091465,1
0x9b02dd390a603add5c07f9fd9175b7dabe8d63b7,1
0x9f52c8ecbee10e00d9faaac5ee9ba0ff6550f511,1
0xa150db9b1fa65b44799d4dd949d922c0a33ee606,1
0xa91ac63d040deb1b7a5e4d4134ad23eb0ba07e14,1
0xaaef88cea01475125522e117bfe45cf32044e238,1
0xb44377b74ef1773639b663d0754cb8410a847d02,1
0xba8a621b4a54e61c442f5ec623687e2a942225ef,1
0xbc6e06778708177a18210181b073da747c88490a,1
0xd567b5f02b9073ad3a982a099a23bf019ff11d1c,1
0xe53ec727dbdeb9e2d5456c3be40cff031ab40a55,1
0xec67005c4e498ec7f55e092bd1d35cbc47c91892,1
0xf59ae934f6fe444afc309586cc60a84a0f89aaea,1
0xfeb56ede6810174642abad5e12ac31f2074ee87f,1
0x11ebe21e9d7bf541a18e1e3ac94939018ce88f0b,1
0x188e817b02e635d482ae4d81e25dda98a97c4a42,1
0x2e9d63788249371f1dfc918a52f8d799f4a38c94,1
0x31c8eacbffdd875c74b94b077895bd78cf1e64a3,1
0x558ec3152e2eb2174905cd19aea4e34a23de9ad6,1
0x5cd2fac9702d68dde5a94b1af95962bcfb80fc7d,1
0x62d3c05b9c3d916fbc111819bbd3cee52906c1ae,1
0x6fb3e0a217407efff7ca062d46c26e5d60a14d69,3
0x8c0383da2964695cb28906f4054ec756b6166478,8
0xa01199c61841fce3b3dafb83fefc1899715c8756,1
0xa1f7c9c6d19e2d0bf20729cb0bf03338a90bed9b,1
0xa8c8cfb141a3bb59fea1e2ea6b79b5ecbcd7b6ca,1
0xb53ecf1345cabee6ea1a65100ebb153cebcac40f,1
0xd6327ce1fb9d6020e8c2c0e124a1ec23dcab7536,1
0xf17e65822b568b3903685a7c9f496cf7656cc6c2,1
0xf1ca9cb74685755965c7458528a36934df52a3ef,1
0x0e84296da31b6c475afc1a991db05e79633e67b0,1
0x1370e3b7aa261dcbe19ee24c456e56ff186aec85,1
0x14da230d6726c50f759bc1838717f8ce6373509c,1
0x16c525c7cd751c19adf26f39118154d7c4bd0088,1
0x217ddead61a42369a266f1fb754eb5d3ebadc88a,1
0x286bda1413a2df81731d4930ce2f862a35a609fe,2
0x35bd01fc9d6d5d81ca9e055db88dc49aa2c699a8,2
0x38b0e3a59183814957d83df2a97492aed1f003e2,1
0x3fee8a23500131ce11a7429cfcd8e713b7eed676,1
0x5218e472cfcfe0b64a064f055b43b4cdc9efd3a6,2
0x56aa298a19c93c6801fdde870fa63ef75cc0af72,1
0x5dd57da40e6866c9fcc34f4b6ddc89f1ba740dfe,1
0x6b4c7a5e3f0b99fcd83e9c089bddd6c7fce5c611,1
0x794107faf396869c60a4bc45afd4714f59b16db7,1
0x8604426285d5e582f48dced5c266055e7991a078,5
0x91a5de30e57831529a3c1af636a78a7e4e83f3aa,1
0xaac1abdb4fb7a91a0e2e036dfacc45f708ed6a39,1
0xaac41ec512808d64625576eddd580e7ea40ef8b2,1
0xaf96666139331f90efdd59ab8cf8344367b9bb6f,1
0xc5102fe9359fd9a28f877a67e36b0f050d81a3cc,2
0xdd63e0b6f3dff53cba8bcdb3aef036fdeb83746d,1
0xdefa4e8a7bcba345f687a2f1456f5edd9ce97202,1
0xfd957f21bd95e723645c07c48a2d8acb8ffb3794,1
0x0b63128c40737b13647552e0c926bcfeccc35f93,1
0x1e4e46b7bf03ece908c88ff7cc4975560010893a,1
0x255aa6df07540cb5d3d297f0d0d4d84cb52bc8e6,1
0x3d6f0dea3ac3c607b3998e6ce14b6350721752d9,1
0x418d75f65a02b3d53b2418fb8e1fe493759c7605,1
0x467bccd9d29f223bce8043b84e8c8b282827790f,2
0x6953f996026d291b0882213f7ad84c2b13b8cdbd,1
0x8e0fe2947752be0d5acf73aae77362daf79cb379,1
0x949d48eca67b17269629c7194f4b727d4ef9e5d6,1
0xa52bffad02b1fe3f86a543a4e81962d3b3bb01a7,1
0xa67e9f021b9d208f7e3365b2a155e3c55b27de71,1
0xb29edff8345b9d8039d8b9471c027d6e458a3c02,1
0xb6ee9668771a79be7967ee29a63d4184f8097143,2
0xca7b3ba66556c4da2e2a9afef9c64f909a59430a,1
0xe1c7e30c42c24582888c758984f6e382096786bd,1
0xfe88c952dfd9595f266bae053daaac411ccfaf07,3
0x0258f474786ddfd37abce6df6bbb1dd5dfc4434a,1
0x1f573d6fb3f13d689ff844b4ce37794d79a7ff1c,1
0x2f109021afe75b949429fe30523ee7c0d5b27207,1
0x362bc847a3a9637d3af6624eec853618a43ed7d2,2
0x5f64ab1544d28732f0a24f4713c2c8ec0da089f0,2
0x8e870d67f660d95d5be530380d0ec0bd388289e1,1
0xa0246c9032bc3a600820415ae600c6388619a14d,1
0xb6ed7644c69416d67b522e20bc294a9a9b405b31,1
0xc719d010b63e5bbf2c0551872cd5316ed26acd83,1
0xd5281bb2d1ee94866b03a0fccdd4e900c8cb5091,1
0x04fa0d235c4abf4bcf4787af4cf447de572ef828,1
0x0954906da0bf32d5479e25f46056d22f08464cab,1
0x0de05f6447ab4d22c8827449ee4ba2d5c288379b,1
0x107c4504cd79c5d2696ea0030a8dd4e92601b82e,1
0x1e0b2992079b620aa13a7c2e7c88d2e1e18e46e9,1
0x27054b13b1b798b345b591a4d22e6562d47ea75a,1
0x374cb8c27130e2c9e04f44303f3c8351b9de61c1,1
0x4b520c812e8430659fc9f12f6d0c39026c83588d,1
0x514cdb9cd8a2fb2bdcf7a3b8ddd098caf466e548,1
0x524ebc93beef838f70b4ae54b675d3e971d5884e,1
0x6810e776880c02933d47db1b9fc05908e5386b96,1
0x7042c54eb604a0dfc3a7bfbda95bc75cc628cbab,5
0x70e8de73ce538da2beed35d14187f6959a8eca96,1
0x7dd9c5cba05e151c895fde1cf355c9a1d5da6429,1
0x8355dbe8b0e275abad27eb843f3eaf3fc855e525,1
0x86772b1409b61c639eaac9ba0acfbb6e238e5f83,1
0x87de305311d5788e8da38d19bb427645b09cb4e5,1
0x93ed3fbe21207ec2e8f2d3c3de6e058cb73bc04d,1
0x9e46a38f5daabe8683e10793b06749eef7d733d1,1
0xa87135285ae208e22068acdbff64b11ec73eaa5a,1
0xaaa7a10a8ee237ea61e8ac46c50a8db8bcc1baaa,1
0xba50933c268f567bdc86e1ac131be072c6b0b71a,1
0xbc6da0fe9ad5f3b0d58160288917aa56653660e9,1
0xbf776e4fca664d791c4ee3a71e2722990e003283,1
0xc17c30e98541188614df99239cabd40280810ca3,1
0xda86006036540822e0cd2861dbd2fd7ff9caa0e8,1
0xe218a21d03dea706d114d9c4490950375f3b7c05,2
0xe5feeac09d36b18b3fa757e5cf3f8da6b8e27f4c,1
0xeca82185adce47f39c684352b0439f030f860318,1
0xf433089366899d83a9f26a773d59ec7ecf30355e,1
0x1b7f2442d4b3a01a9d63952f22000c3cd291848e,1
0x3cbb7f5d7499af626026e96a2f05df806f2200dc,1
0x3dc6893b8b3d71749ebe6a43763cba1c11045bd8,1
0x3ea50b7ef6a7eaf7e966e2cb72b519c16557497c,1
0x40f8b7a82b6355d26546d363ce9c12ce104cf0ce,1
0x45804880de22913dafe09f4980848ece6ecbaf78,1
0x4fd51cb87ffefdf1711112b5bd8ab682e54988ea,1
0x56befbcb59405d2fd332622435150d0f80ae5f46,1
0x5dbcf33d8c2e976c6b560249878e6f1491bca25c,1
0x5fce9fc9b5d62af082a59d0823a062f7529efa5a,1
0x662b67d00a13faf93254714dd601f5ed49ef2f51,1
0x7d29a64504629172a429e64183d6673b9dacbfce,1
0x8564653879a18c560e7c0ea0e084c516c62f5653,1
0x8686525d6627a25c68de82c228448f43c97999f2,1
0x8a6d4c8735371ebaf8874fbd518b56edd66024eb,1
0x8be6c97a8fd3b2c450d7124fcdbe2c595e3cff5c,1
0xbb9bb97bd5a7d94431bb4dd134886522034e7251,1
0xcf3c8be2e2c42331da80ef210e9b1b307c03d36a,1
0x0e99cc0535bb6251f6679fa6e65d6d3b430e840b,1
0x14409b0fc5c7f87b5dad20754fe22d29a3de8217,1
0x30df7d7ee52c1b03cd009e656f00ab875adceed2,1
0x3f7aff0ef20aa2e646290dfa4e67611b2220c597,1
0x476c5e26a75bd202a9683ffd34359c0cc15be0ff,1
0x4f9254c83eb525f9fcf346490bbb3ed28a81c667,1
0x5e9f35e8163c44cd7e606bdd716abed32ad2f1c6,1
0x618e75ac90b12c6049ba3b27f5d5f8651b0037f6,1
0x77777777772cf0455fb38ee0e75f38034dfa50de,1
0x8798249c2e607446efb7ad49ec89dd1865ff4272,1
0xb0c7a3ba49c7a6eaba6cd4a96c55a1391070ac9a,1
0xdd974d5c2e2928dea5f71b9825b8b646686bd200,1
0x05d3606d5c81eb9b7b18530995ec9b29da05faba,1
0x16b3e050e9e2f0ac4f1bea1b3e4fdc43d7f062dd,1
0x2791bfd60d232150bff86b39b7146c0eaaa2ba81,1
0x28cb7e841ee97947a86b06fa4090c8451f64c0be,1
0x33ebd390d986eb21fb91a5b72ee5ad8a1f40e43e,1
0x7b32e70e8d73ac87c1b342e063528b2930b15ceb,1
0x954b890704693af242613edef1b603825afcd708,1
0x990f341946a3fdb507ae7e52d17851b87168017c,1
0xa130e3a33a4d84b04c3918c4e5762223ae252f80,1
0xadf86e75d8f0f57e0288d0970e7407eaa49b3cab,1
0xb1f66997a5760428d3a87d68b90bfe0ae64121cc,1
0xbc21967ebaf2039731682f8a743be6f58f721495,1
0xc4f6e93aeddc11dc22268488465babcaf09399ac,1
0xc581b735a1688071a1746c968e0798d642ede491,1
0xdf5e0e81dff6faf3a7e52ba697820c5e32d806a8,1
0x03ab458634910aad20ef5f1c8ee96f1d6ac54919,1
0x09a3ecafa817268f77be1283176b946c4ff2e608,1
0x0f51bb10119727a7e5ea3538074fb341f56b09ad,1
0x16eccfdbb4ee1a85a33f3a9b21175cd7ae753db4,1
0x1c9922314ed1415c95b9fd453c3818fd41867d0b,1
0x243cacb4d5ff6814ad668c3e225246efa886ad5a,1
0x3402e15b3ea0f1aec2679c4be4c6d051cef93953,1
0x4740735aa98dc8aa232bd049f8f0210458e7fca3,1
0x55a290f08bb4cae8dcf1ea5635a3fcfd4da60456,1
0x6d6fc83225ad1b8373357b10d61ba6d77090c5a6,1
0x9af5a20aac8d83230ba68542ba29d132d50cbe08,2
0xa0cf46eb152656c7090e769916eb44a138aaa406,1
0xa91c82b6933105c23298e631a0c1be751d239162,1
0xac51066d7bec65dc4589368da368b212745d63e8,2
0xade00c28244d5ce17d72e40330b1c318cd12b7c3,1
0xb4d930279552397bba2ee473229f89ec245bc365,1
0xbbbbbbb5aa847a2003fbc6b5c16df0bd1e725f61,1
0xd13cfd3133239a3c73a9e535a5c4dadee36b395c,1
0xd38bb40815d2b0c2d2c866e0c72c5728ffc76dd9,1
0xd9016a907dc0ecfa3ca425ab20b6b785b42f2373,1
0xda9fdab21bc4a5811134a6e0ba6ca06624e67c07,1
0xf66cd2f8755a21d3c8683a10269f795c0532dd58,1
0xff20817765cb7f73d4bde2e66e067e58d11095c2,2
0x2217e5921b7edfb4bb193a6228459974010d2198,1
0x383518188c0c6d7730d91b2c03a03c837814a899,1
0x39fbbabf11738317a448031930706cd3e612e1b9,1
0x544c42fbb96b39b21df61cf322b5edc285ee7429,1
0x614d7f40701132e25fe6fc17801fbd34212d2eda,1
0x92925acf2771bc59143228499f9610fe5176eb9c,1
0x948c70dc6169bfb10028fdbe96cbc72e9562b2ac,1
0x9b83f827928abdf18cf1f7e67053572b9bceff3a,1
0xa117000000f279d81a1d3cc75430faa017fa5a2e,1
0xb9eefc4b0d472a44be93970254df4f4016569d27,2
0xbf0f3ccb8fa385a287106fba22e6bb722f94d686,1
0xc52c326331e9ce41f04484d3b5e5648158028804,1
0xf5b5efc906513b4344ebabcf47a04901f99f09f3,1
0x0af55d5ff28a3269d69b98680fd034f115dd53ac,1
0x13b02c8de71680e71f0820c996e4be43c2f57d15,1
0x15874d65e649880c2614e7a480cb7c9a55787ff6,1
0x2602278ee1882889b946eb11dc0e810075650983,1
0x38e4adb44ef08f22f5b5b76a8f0c2d0dcbe7dca1,1
0x48c1b2f3efa85fbafb2ab951bf4ba860a08cdbb7,1
0x5ce188b44266c7b4bbc67afa3d16b2eb24ed1065,1
0x85f17cf997934a597031b2e18a9ab6ebd4b9f6a4,1
0x8c82039a7bf7a7bc75a12ba2f50ddd860f9a756c,1
0x8f8221afbb33998d8584a2b05749ba73c37a938a,1
0xb753428af26e81097e7fd17f40c88aaa3e04902c,1
0xdab396ccf3d84cf2d07c4454e10c8a6f5b008d2b,1
0xe8e8486228753e01dbc222da262aa706bd67e601,1
0x0000000000095413afc295d19edeb1ad7b71c952,1
0x0c9c7712c83b3c70e7c5e11100d33d9401bdf9dd,1
0x1093a9012607321363bb527d78f69a493e211da0,1
0x2596825a84888e8f24b747df29e11b5dd03c81d7,1
0x427a03fb96d9a94a6727fbcfbba143444090dd64,1
0x4b1e80cac91e2216eeb63e29b957eb91ae9c2be8,1
0x6100dd79fcaa88420750dcee3f735d168abcb771,1
0x6c3f90f043a72fa612cbac8115ee7e52bde6e490,1
0x6fc13eace26590b80cccab1ba5d51890577d83b2,1
0x99d8a9c45b2eca8864373a26d1459e3dff1e17f3,1
0xadd5e881984783dd432f80381fb52f45b53f3e70,1
0xb62132e35a6c13ee1ee0f84dc5d40bad8d815206,1
0xbb1ee07d6c7baeb702949904080eb61f5d5e7732,1
0xc477d038d5420c6a9e0b031712f61c5120090de9,1
0xcad2d4c4469ff09ab24d02a63bcedfcd44be0645,1
0xe80c0cd204d654cebe8dd64a4857cab6be8345a3,1
0xfb83869f7ee52aebaddea254f647953afb1f99f8,1
0x012e0e6342308b247f36ee500ecb14dc77a7a8c1,1
0x0dde6f6e345bfd23f3f419f0dfe04e93143b44fb,1
0x10eca89be7f6030dea9dc918beb9855c6c832cd0,2
0x1b3486487ac6ef1e9cd126160dfdbc322a7cba2b,1
0x24a6a37576377f63f194caa5f518a60f45b42921,2
0x3a880652f47bfaa771908c07dd8673a787daed3a,2
0x4206931337dc273a630d328da6441786bfad668f,1
0x6c5ba91642f10282b576d91922ae6448c9d52f4e,1
0x9724f51e3afb6b2ae0a5d86fd3b88c73283bc38f,1
0xa4bbe66f151b22b167127c770016b15ff97dd35c,1
0xb3cc3d7e656893f22d2372b0ae57106f6b155cbe,1
0xb70f8a3029cf10fd9e4a072a280484691ac4296a,1
0xbf8afd551270f54bb935b1b77877ca0fd4a447d1,1
0xe632ea2ef2cfd8fc4a2731c76f99078aef6a4b31,1
0x0391d2021f89dc339f60fff84546ea23e337750f,1
0x0bb217e40f8a5cb79adf04e1aab60e5abd0dfc1e,1
0x0c10bf8fcb7bf5412187a595ab97a3609160b5c6,1
0x1337def16f9b486faed0293eb623dc8395dfe46a,1
0x24ec2ca132abf8f6f8a6e24a1b97943e31f256a7,1
0x491604c0fdf08347dd1fa4ee062a822a5dd06b5d,3
0x5f0e628b693018f639d10e4a4f59bd4d8b2b6b44,1
0xd528cf2e081f72908e086f8800977df826b5a483,1
0xd60e6c2fd3f7999c97ab80a0e719cb73a35dc503,1
0xdd6b3ed565e29f9821ac8bd538253820fa24438d,1
0xdf801468a808a32656d2ed2d2d80b72a129739f4,1
0x2f6ad7743924b1901a0771746152dde44c5f11de,1
0x320623b8e4ff03373931769a31fc52a4e78b5d70,2
0x33f391f4c4fe802b70b77ae37670037a92114a7c,1
0x3802c218221390025bceabbad5d8c59f40eb74b8,1
0x38a94e92a19e970c144ded0b2dd47278ca11cc1f,1
0x4297394c20800e8a38a619a243e9bbe7681ff24e,1
0x74faab6986560fd1140508e4266d8a7b87274ffd,1
0x7c5a0ce9267ed19b22f8cae653f198e3e8daf098,1
0x88df592f8eb5d7bd38bfef7deb0fbc02cf3778a0,4
0x96c645d3d3706f793ef52c19bbace441900ed47d,1
0x9ad45e692350ba56e2583671c4bd76c5331a249e,1
0xb6c4267c4877bb0d6b1685cfd85b0fbe82f105ec,1
0xb94cb02d0f18229ff31519a938a26bcac1f2f692,1
0xcc4304a31d09258b0029ea7fe63d032f52e44efe,1
0xd15bc1f6408d11c2513444b9d0253efd838af781,1
0x015b6afefea8e7898e7918b1e838149bc8f3576d,1
0x0e239db593619bcf6248fdef4723f26cf40e1f37,2
0x1a3496c18d558bd9c6c8f609e1b129f67ab08163,1
0x41f7b8b9b897276b7aae926a9016935280b44e97,1
0x48f474c1500c239312b6dbe29a51650f0b8fb314,1
0x4e808f2b01e42b7fd01428bc49a0a0a61666e760,1
0x595832f8fc6bf59c85c527fec3740a1b7a361269,1
0x5ca135cb8527d76e932f34b5145575f9d8cbe08e,1
0x833850be8858722cfc5e5e75f2fe6275e055d888,1
0x8530b66ca3ddf50e0447eae8ad7ea7d5e62762ed,1
0xbc19712feb3a26080ebf6f2f7849b417fdd792ca,1
0xbe9375c6a420d2eeb258962efb95551a5b722803,1
0xc39afaac91dd1771bdbca651f001a68b92e18fe7,1
0xd2287a52287dd64ae2c690d74322e2e345dc8f69,1
0xf3dcbc6d72a4e1892f7917b7c43b74131df8480e,1
0xf629cbd94d3791c9250152bd8dfbdf380e2a3b9c,2
0x1e2f15302b90edde696593607b6bd444b64e8f02,1
0x2fcf250cadba1d08f38b5b4705ecc4d0fe0d81dc,1
0x32a7c02e79c4ea1008dd6564b35f131428673c41,1
0x3c03b4ec9477809072ff9cc9292c9b25d4a8e6c6,1
0x40a11f82a8469c8dc015ba74438536584978d63c,1
0x5a41290104b8f65ece9ed9d67a4d82f8080b7310,1
0x6a6c2ada3ce053561c2fbc3ee211f23d9b8c520a,1
0xd9a8cfe21c232d485065cb62a96866799d4645f7,2
0xe1747a23c44f445062078e3c528c9f4c28c50a51,1
0xfffffffff15abf397da76f1dcc1a1604f45126db,1
0x081dc55c0f3f129fc1669f3dae88d41f4b6290c2,1
0x27f8f34b33d92249a47347f83945c77b3a771974,2
0x2cdc76fef5442dd4ca983c6e330f0ef9bba2ebe1,1
0x4db2c02831c9ac305ff9311eb661f80f1df61e07,1
0x4f14cdbd815b79e9624121f564f24685c6b1211b,1
0x525a8f6f3ba4752868cde25164382bfbae3990e1,1
0x6dea81c8171d0ba574754ef6f8b412f2ed88c54d,1
0x70ae7fd62d96778fc2856ef95cbd5f1c30e1b7ad,1
0x93c9175e26f57d2888c7df8b470c9eea5c0b0a93,1
0xb2dbf14d0b47ed3ba02bdb7c954e05a72deb7544,1
0xfc0247cdaabc166423915077b666fa3bb9d1ee4d,1
0x64b986211c0cc675143f895c437b79c3cadf364a,1
0x712ce0de2401e632d75e307ed8325774daaa3c51,1
0x88800092ff476844f74dc2fc427974bbee2794ae,1
0x8e6cd950ad6ba651f6dd608dc70e5886b1aa6b24,1
0x8fdd16f7ed1e7e3e782ce93cc2158e53c33b4655,2
0xb17548c7b510427baac4e267bea62e800b247173,1
0xe87e15b9c7d989474cb6d8c56b3db4efad5b21e8,1
0x01ba67aac7f75f647d94220cc98fb30fcc5105bf,1
0x0e192d382a36de7011f795acc4391cd302003606,4
0x14b40ad2eba6c1b31db2ba817b07578afb414415,1
0x1b9baf2a3edea91ee431f02d449a1044d5726669,1
0x3597bfd533a99c9aa083587b074434e61eb0a258,1
0x36b4478dfe89dcf63f7c700b7c5c78e8d0f90f60,2
0x4ec1b60b96193a64acae44778e51f7bff2007831,5
0x4ece5c5cfb9b960a49aae739e15cdb6cfdcc5782,1
0x530ca200ade51bf2c9448e8dbb6b08aff4809bd9,1
0x64d91f12ece7362f91a6f8e7940cd55f05060b92,1
0xa8b919680258d369114910511cc87595aec0be6d,1
0xb9ef770b6a5e12e45983c5d80545258aa38f3b78,1
0xbd1848e1491d4308ad18287a745dd4db2a4bd55b,1
0xf40edf22e4ab146a32ecd8d659cedc7a2a55cd43,1
0x0000000de40dfa9b17854cbc7869d80f9f98d823,1
0x51e06c3468c230be0aeaeac44cd7be5dd7fed4d9,1
0x582d872a1b094fc48f5de31d3b73f2d9be47def1,1
0x6da84e887c8ddff08a2a551e822bb8b3701f35ce,1
0xd75f1f81b69bdd4df8efbb70e9c6f4609009d753,1
0x24e89bdf2f65326b94e36978a7edeac63623dafa,1
0x260d5f9688353af138d35ece6f0cd9c80ef982dd,1
0x61dbb8694313f817980ce476a3a064e1e756687e,1
0xa67b8e40111a0edd30c3210b77aadb86ad234c43,1
0xa8155cf81adaa78f9cec69d698be1859d4f3bf3b,1
0xc6d1f1d5a46de07e73091f1c8793293b203f01a1,1
0xe76c6c83af64e4c60245d8c7de953df673a7a33d,1
0x0ec9f76202a7061eb9b3a7d6b59d36215a7e37da,2
0x1ffe8a8177d3c261600a8bd8080d424d64b7fbc2,1
0x24e3794605c84e580eea4972738d633e8a7127c8,1
0x2da719db753dfa10a62e140f436e1d67f2ddb0d6,1
0x7714f320adca62b149df2579361afec729c5fe6a,1
0x7c8155909cd385f120a56ef90728dd50f9ccbe52,1
0x8287c7b963b405b7b8d467db9d79eec40625b13a,1
0x88ef27e69108b2633f8e1c184cc37940a075cc02,1
0xad22f63404f7305e4713ccbd4f296f34770513f4,1
0xb83c27805aaca5c7082eb45c868d955cf04c337f,1
0xdd0020b1d5ba47a54e2eb16800d73beb6546f91a,1
0xf406f7a9046793267bc276908778b29563323996,1
0xffc63b9146967a1ba33066fb057ee3722221acf0,1
0x2c1c431475e9aa14b6043b19d39ff2c89ec770a6,1
0x3431f91b3a388115f00c5ba9fdb899851d005fb5,1
0x350d3f0f41b5b21f0e252fe2645ae9d55562150a,1
0x48c276e8d03813224bb1e55f953adb6d02fd3e02,1
0x725c263e32c72ddc3a19bea12c5a0479a81ee688,1
0x7475c42f8bf2c19f4eaf12feaababa859fdc8914,1
0x9ab7bb7fdc60f4357ecfef43986818a2a3569c62,1
0x9bac0cd26ef307a01031ca58963509d2b7be6664,1
0xa1d65e8fb6e87b60feccbc582f7f97804b725521,2
0xa808b22ffd2c472ad1278088f16d4010e6a54d5f,1
0xba100000625a3754423978a60c9317c58a424e3d,1
0xd23ac27148af6a2f339bd82d0e3cff380b5093de,1
0xe9c0d8a24efcd3e2cc02647f2efc6503b3a3b7ec,2
0xec213f83defb583af3a000b1c0ada660b1902a0f,1
0xf708dbe00198d97e083ff77b8f506be38423ec99,1
0x4da0c48376c277cdbd7fc6fdc6936dee3e4adf75,1
0x6bba316c48b49bd1eac44573c5c871ff02958469,1
0x795dbf627484f8248d3d6c09c309825c1563e873,1
0x7d608cfaa805a752788847e5c46ce9c03fb43c21,2
0x96610186f3ab8d73ebee1cf950c750f3b1fb79c2,2
0xabe580e7ee158da464b51ee1a83ac0289622e6be,1
0xe4815ae53b124e7263f08dcdbbb757d41ed658c6,1
0xfc0d6cf33e38bce7ca7d89c0e292274031b7157a,1
0x0b498ff89709d3838a063f1dfa463091f9801c2b,1
0x2f7b480ed935b63f27be3835e293e87d638bf308,4
0x8b0e42f366ba502d787bb134478adfae966c8798,1
0x909e34d3f6124c324ac83dcca84b74398a6fa173,1
0x940a2db1b7008b6c776d4faaca729d6d4a4aa551,1
0x965697b4ef02f0de01384d0d4f9f782b1670c163,1
0x9ceb84f92a0561fa3cc4132ab9c0b76a59787544,1
0xa095912776f197850f7ef506779d7acada95791b,1
0xcfcecfe2bd2fed07a9145222e8a7ad9cf1ccd22a,4
0xeea9ae787f3a620072d13b2cdc8cabffb9c0ab96,1
0xfad45e47083e4607302aa43c65fb3106f1cd7607,1
0x0275e1001e293c46cfe158b3702aade0b99f88a5,1
0x05d16f6025a0ee17d4862b6c5cc7c02c035ca6d7,5
0x2132f6f5a45ab821e99dc1275da764776ceb2530,1
0x23464fb65ff1a8e7a9a1318dfa56185a4950cf8b,2
0x3f382dbd960e3a9bbceae22651e88158d2791550,1
0x3f5294df68f871241c4b18fcf78ebd8ac18ab654,1
0x594d3d44a040de44dc9c505b0a12fcd1da237ea3,1
0x674c6ad92fd080e4004b2312b45f796a192d27a0,1
0x73a058da53220d25bcb2c4cb8ff8520626ea26e7,1
0x8a9c67fee641579deba04928c4bc45f66e26343a,2
0xb2b1649b925631578722db7e06f1dc5fe98d5d28,1
0xdb25f211ab05b1c97d595516f45794528a807ad8,1
0xff56cc6b1e6ded347aa0b7676c85ab0b3d08b0fa,1
0x0a603af16448017983dad81ee2535702109d7d21,1
0x10086399dd8c1e3de736724af52587a2044c9fa2,1
0x39ea10e507720783c27edd5f96bf2d6e199579b8,1
0x5eeaa2dcb23056f4e8654a349e57ebe5e76b5e6e,1
0x68a118ef45063051eac49c7e647ce5ace48a68a5,1
0x8947da500eb47f82df21143d0c01a29862a8c3c5,1
0x95392f142af1c12f6e39897ff9b09c599666b50c,1
0x9e24415d1e549ebc626a13a482bb117a2b43e9cf,2
0xaf87e5f42fc751aef8b068b3b873dae8e4bd3e39,1
0xc6dddb5bc6e61e0841c54f3e723ae1f3a807260b,1
0xc8a29a4794c1fcdec43e5ea6d3a06de069f872c7,1
0xf02dd86264efd10bf92b3e2176468d1a6296af3b,43
0xf720e38f678b29b243f7d53b56acbf5de98f2385,1
0xf7d142a354322c7560250caa0e2a06c89649e4c2,1
0x12d7b28a055621f4ba0c146d1728082ecf1b9390,1
0x275f5ad03be0fa221b4c6649b8aee09a42d9412a,1
0x56d811088235f11c8920698a204a5010a788f4b3,1
0x5b7533812759b45c2b44c19e320ba2cd2681b542,1
0x92cfbec26c206c90aee3b7c66a9ae673754fab7e,1
0x92e9bb06faa0f94af2d3f8ea1707318aa4757a77,2
0xdc9ac3c20d1ed0b540df9b1fedc10039df13f99c,1
0xe5adedd04d58b87e2ddd94042e106d1ccdc59322,2
0x0ff6ffcfda92c53f615a4a75d982f399c989366b,1
0x20e7125677311fca903a8897042b9983f22ea295,1
0x4104b135dbc9609fc1a9490e61369036497660c8,1
0x47da5456bc2e1ce391b645ce80f2e97192e4976a,2
0x505a84a03e382331a1be487b632cf357748b65d6,1
0x7ddc52c4de30e94be3a6a0a2b259b2850f421989,1
0x89fb80993f819041eea9e1fccb44d32b03affe2f,1
0x8fc8f8269ebca376d046ce292dc7eac40c8d358a,1
0x941bf0e5452c5fe7030381e9ce5b2d62b98e44b4,1
0x9d65ff81a3c488d585bbfb0bfe3c7707c7917f54,1
0xa7c69919dfa7f8cfe56bc3e37ac8c0148d9442d1,1
0xc969e16e63ff31ad4bcac3095c616644e6912d79,1
0xd8c356db595fc7a943e8db68a1c2dd558e095e4b,1
0x06677dc4fe12d3ba3c7ccfd0df8cd45e4d4095bf,1
0x505b5eda5e25a67e1c24a2bf1a527ed9eb88bf04,1
0xdacd69347de42babfaecd09dc88958378780fb62,1
0xdfdb7f72c1f195c5951a234e8db9806eb0635346,1
0x54025988881a697a12da1499423c92b7b841d852,1
0x558ebb77595b244077d4f98c6ab877bfe38b304c,1
0x5c84bc60a796534bfec3439af0e6db616a966335,1
0x6399c842dd2be3de30bf99bc7d1bbf6fa3650e70,1
0x668dbf100635f593a3847c0bdaf21f0a09380188,1
0x7dbc8155202c0678f959721e0cc2f40c07fcf2c4,1
0x850aab69f0e0171a9a49db8be3e71351c8247df4,1
0x8b1d8ce64467f6ac575ab581441260ebaf3d3cc0,2
0xcaa9ed6d7502595b555113d4517668ae24038c8a,1
0xcbe771323587ea16dacb6016e269d7f08a7acc4e,1
0xe1be5d3f34e89de342ee97e6e90d405884da6c67,1
0x03d1e72765545729a035e909edd9371a405f77fb,1
0x298d492e8c1d909d3f63bc4a36c66c64acb3d695,1
0x345dadb10a200f10814ad8523fca0f2d958c3370,1
0x34d5f6ac59c86895da9cc75858a5f1e1455fa77e,10
0x3e362283b86c1b45097cc3fb02213b79cf6211df,1
0x4c19596f5aaff459fa38b0f7ed92f11ae6543784,1
0x5fb99a3593d7088e44377a1beb27739bd928f269,1
0x616ef40d55c0d2c506f4d6873bda8090b79bf8fc,1
0x737f98ac8ca59f2c68ad658e3c3d8c8963e40a4c,1
0x744d70fdbe2ba4cf95131626614a1763df805b9e,1
0x94e0bab2f6ab1f19f4750e42d7349f2740513ad5,1
0xb1d5a03d2ff72f7f226372c4b2fa7b50cd9d7910,1
0xb5f1457d6fba1956fb8d31b0b7caca14bde0be4b,1
0xb67718b98d52318240c52e71a898335da4a28c42,1
0xcbba83a4d3f35d294a26012ac54e9ab6627da018,1
0xd49374d1d6d2b2d793035a0116f2b0d19230de26,1
0xde4ee8057785a7e8e800db58f9784845a5c2cbd6,6
0xe5097d9baeafb89f9bcb78c9290d545db5f9e9cb,1
0xf56b164efd3cfc02ba739b719b6526a6fa1ca32a,1
0x2a8e1e676ec238d8a992307b495b45b3feaa5e86,1
0x31d939dc09a6bb55642fcbf9d56166ebc0bdec9a,1
0x3a4cab3dcfab144fe7eb2b5a3e288cc03dc07659,1
0x56123908aca89bf60ce9659ae9f4589e46c8d2cf,1
0x5979f50f1d4c08f9a53863c2f39a7b0492c38d0f,1
0x5c761c1a21637362374204000e383204d347064c,1
0x6de037ef9ad2725eb40118bb1702ebb27e4aeb24,1
0x9ab70e92319f0b9127df78868fd3655fb9f1e322,1
0xb5fe099475d3030dde498c3bb6f3854f762a48ad,1
0xc55c2175e90a46602fd42e931f62b3acc1a013ca,1
0xf4cd3d3fda8d7fd6c5a500203e38640a70bf9577,1
0xf59257e961883636290411c11ec5ae622d19455e,1
0x47110d43175f7f2c2425e7d15792acc5817eb44f,1
0x56694577564fdd577a0abb20fe95c1e2756c2a11,1
0x7dbbcae15d4db168e01673400d7844870cc1e36f,2
0x9c354503c38481a7a7a51629142963f98ecc12d0,1
0xa49d7499271ae71cd8ab9ac515e6694c755d400c,1
0xafcdd4f666c84fed1d8bd825aa762e3714f652c9,1
0xdbc72bad9dd4beffd2ef4a49596a7c5ded8d2106,1
0xfca47962d45adfdfd1ab2d972315db4ce7ccf094,1
0xfd5ca27681b05247f4beed8aa4353d513dd0d4f1,1
0x044727e50ff30db57fad06ff4f5846eab5ea52a2,1
0x08c32b0726c5684024ea6e141c50ade9690bbdcc,1
0x348b7f3106b5da47405332534d06069ff9ce4d1b,1
0x35156b404c3f9bdaf45ab65ba315419bcde3775c,1
0x447f52aff7e85ded889ae64efb82aa3bb4a3b644,1
0x474021845c4643113458ea4414bdb7fb74a01a77,1
0x531f94a955a41a06282a5df6a513f17b15bcae52,1
0x6b0b3a982b4634ac68dd83a4dbf02311ce324181,1
0x6e1a19f235be7ed8e3369ef73b196c07257494de,2
0x7d647b1a0dcd5525e9c6b3d14be58f27674f8c95,1
0x80d55c03180349fff4a229102f62328220a96444,1
0xa2cd3d43c775978a96bdbf12d733d5a1ed94fb18,1
0xb64ef51c888972c908cfacf59b47c1afbc0ab8ac,1
0xb70d8e19911aa8cb25fc3c7a52531f6c54693200,1
0xda007777d86ac6d989cc9f79a73261b3fc5e0da0,1
0xddb3422497e61e13543bea06989c0789117555c5,2
0xea3983fc6d0fbbc41fb6f6091f68f3e08894dc06,1
0xedadeb5faa413e6c8623461849dfd0b7c3790c32,1
0xf21661d0d1d76d3ecb8e1b9f1c923dbfffae4097,1
0x0d97fee619d955509e54b046c9992b6e9f5b0630,1
0x236d53148f83706c3d670064809577385f923a75,1
0x3f671eee5be8e4841ca6241a4294d3d524638d07,2
0x42dbbd5ae373fea2fc320f62d44c058522bb3758,1
0xb39185e33e8c28e0bb3dbbce24da5dea6379ae91,1
0xc18e7a03f8986798323658dd8645f93aa79ac5c9,1
0xc4c2614e694cf534d407ee49f8e44d125e4681c4,1
0xe129f69385a6328a86d107fa3985ac4be8101dcb,31
0xeb953eda0dc65e3246f43dc8fa13f35623bdd5ed,1
0x1426cc6d52d1b14e2b3b1cb04d57ea42b39c4c7c,1
0x340d2bde5eb28c1eed91b2f790723e3b160613b7,2
0x884bff23753379c95ff217469176a566dfdab804,3
0x8b39b70e39aa811b69365398e0aace9bee238aeb,1
0x9355372396e3f6daf13359b7b607a3374cc638e0,1
0xae12c5930881c53715b369cec7606b70d8eb229f,1
0xcda4e840411c00a614ad9205caec807c7458a0e3,1
0x21381e026ad6d8266244f2a583b35f9e4413fa2a,1
0x798d1be841a82a273720ce31c822c61a67a601c3,2
0x80fb784b7ed66730e8b1dbd9820afd29931aab03,1
0x823556202e86763853b40e9cde725f412e294689,1
0xc48b4814faed1ccc885dd6fde62a6474aecbb19a,1
0xf91ac30e9b517f6d57e99446ee44894e6c22c032,1
0x13fcdab8c3bca3241d160097c572656c80a4e434,1
0x15b479fd41749d5e4ad7ee06f55c7360e54052e5,1
0x23266758838e037722e4be5e4acb52b5cdce8ce5,1
0x3832d2f059e55934220881f831be501d180671a7,1
0x3d3d35bb9bec23b06ca00fe472b50e7a4c692c30,1
0x5e74c9036fb86bd7ecdcb084a0673efc32ea31cb,1
0x8888801af4d980682e47f1a9036e589479e835c5,1
0xb9404380305a0a550a000f3a3c18f21e4af54add,4
0xddfead47d703c59cd68245fea9a04cd5e36de7a8,1
0xed40834a13129509a89be39a9be9c0e96a0ddd71,1
0x084fe7aa7b09e539ecbad29dbce00fce1aeab183,1
0x1321f1f1aa541a56c31682c57b80ecfccd9bb288,1
0x1533b4b0392b864a842a4ec57c258c2c1ac73806,1
0x2edd38c4a33818a54d3dae8e203e6b98e771489f,1
0x41545f8b9472d758bb669ed8eaeeecd7a9c4ec29,1
0x5faa989af96af85384b8a938c2ede4a7378d9875,1
0x8c15ef5b4b21951d50e53e4fbda8298ffad25057,2
0xc221b7e65ffc80de234bbb6667abdd46593d34f0,1
0x21ad647b8f4fe333212e735bfc1f36b4941e6ad2,1
0x31c2415c946928e9fd1af83cdfa38d3edbd4326f,1
0x5732046a883704404f284ce41ffadd5b007fd668,2
0x72630b1e3b42874bf335020ba0249e3e9e47bafc,1
0x9ad37205d608b8b219e6a2573f922094cec5c200,2
0xb4e0f61c22af672adf65a986a4f9daecfad64b75,1
0xd85301d4ab345b901a0ef369f69f7e6ff06b97a3,1
0xe66b3aa360bb78468c00bebe163630269db3324f,1
0xeba2c59b3576c4b174bfef5e27cee3d53f76e321,5
0xedf6568618a00c6f0908bf7758a16f76b6e04af9,1
0xfe3e6a25e6b192a42a44ecddcd13796471735acf,3
0x123151402076fc819b7564510989e475c9cd93ca,1
0x1fe24f25b1cf609b9c4e7e12d802e3640dfa5e43,1
0x382f0160c24f5c515a19f155bac14d479433a407,1
0x3affcca64c2a6f4e3b6bd9c64cd2c969efd1ecbe,1
0x618679df9efcd19694bb1daa8d00718eacfa2883,1
0x9be89d2a4cd102d8fecc6bf9da793be995c22541,1
0xefd0d5d822eb375b5b34c8e7aba21f4e985415bf,1
0xf063fe1ab7a291c5d06a86e14730b00bf24cb589,1
0x0debaeb1ba41900148f625bd6dbae22b576d620b,1
0x1961b3331969ed52770751fc718ef530838b6dee,3
0x36e43065e977bc72cb86dbd8405fae7057cdc7fd,1
0x656c00e1bcd96f256f224ad9112ff426ef053733,1
0x692accdd8b86692427e0aa4752ae917df01cc56f,1
0xb2089a7069861c8d90c8da3aacab8e9188c0c531,2
0xb31ef9e52d94d4120eb44fe1ddfde5b4654a6515,1
0xd2d8d78087d0e43bc4804b6f946674b2ee406b80,1
0xe0b9bcd54bf8a730ea5d3f1ffce0885e911a502c,2
0xe9615071341c6f0392a5dfde1645ad01b810cb43,1
0xf0b4517608c4175c46a5615665a51875be442c12,1
0xf938424f7210f31df2aee3011291b658f872e91e,1
0x0ab87046fbb341d058f17cbc4c1133f25a20a52f,1
0x5c147e74d63b1d31aa3fd78eb229b65161983b2b,2
0x66d28cb58487a7609877550e1a34691810a6b9fc,3
0xa15690e9205de386ce849889831c1668c300c1ad,2
0xd26114cd6ee289accf82350c8d8487fedb8a0c07,1
0xe195d4ab9d7104bef5cacc1ec02f2287b2e0e773,2
0xebf2096e01455108badcbaf86ce30b6e5a72aa52,1
0xfbace2b5ab96a23bca69620488f5ce17f65bd32a,1
0x40615b82999b8aa46803f11493bedab0314eb5e7,1
0x4ef9aa55fb02744a501ee6f2ecc77994d91af0bb,1
0x6769d86f9c430f5ac6d9c861a0173613f1c5544c,1
0xc57d533c50bc22247d49a368880fb49a1caa39f7,2
0xdf96bde075d59e9143b325c75af38e208c986e6f,1
0xf5cfbc74057c610c8ef151a439252680ac68c6dc,1
0x108a850856db3f85d0269a2693d896b394c80325,1
0x1a6636cfd1b3350c9480b490a173a98e46620aa7,1
0x53928df20958cb483337b557978c83b590c78dbb,13
0x6468e79a80c0eab0f9a2b574c8d5bc374af59414,1
0xd01075d39fd760a52932da3bde0474d3f5500c3c,1
0xfa14fa6958401314851a17d6c5360ca29f74b57b,1
0x354e514c135c8603f840ffadb4c33cde6d2a37e0,1
0x3ebb4a4e91ad83be51f8d596533818b246f4bee1,1
0x686f2404e77ab0d9070a46cdfb0b7fecdd2318b0,1
0x6e8908cfa881c9f6f2c64d3436e7b80b1bf0093f,1
0xac70446f6a6221ae8ff70d263e4fdda7552f2e26,1
0xcc5b281e01fa4131ef809fa55bbe2dbbd5619c0f,1
0xf001937650bb4f62b57521824b2c20f5b91bea05,1
0x0bbfeb82a9dd3314c4b28e9c0802071c8980f16f,1
0x2e7b0d4f9b2eaf782ed3d160e3a0a4b1a7930ada,1
0x42d6622dece394b54999fbd73d108123806f6a18,1
0x50d1c9771902476076ecfc8b2a83ad6b9355a4c9,1
0x57b946008913b82e4df85f501cbaed910e58d26c,2
0x6bb570c82c493135cc137644b168743dc1f7eb12,1
0x7abad5b2aead37456ab80b2c57d4cca92313cb6e,1
0x8f046a2457a8f1618cae4706fa57bf790e2532a6,1
0xbd24ad5bded0fe940df1f6eb88283da4b790f566,1
0xe580074a10360404af3abfe2d524d5806d993ea3,2
0x1b8568fbb47708e9e9d31ff303254f748805bf21,1
0x28d97e75745cf36f045c24addb797d3592fd3320,4
0x618279c51eec6bcfe46161a040ee3b9c60619170,1
0x98a92c1c2ad19bb21b4efc9cebe2fa3c64b89ec2,1
0x9b31bb425d8263fa1b8b9d090b83cf0c31665355,1
0xc0c293ce456ff0ed870add98a0828dd4d2903dbf,1
0xc7283b66eb1eb5fb86327f08e1b5816b0720212b,1
0xd9fcd98c322942075a5c3860693e9f4f03aae07b,1
0x0b8057c3cc676c329c25c1d0cd27776efa73762d,1
0x67873a14804e9db31de66601e8f81fdef0169bee,1
0x87d73e916d7057945c9bcd8cdd94e42a6f47f776,2
0xadb2437e6f65682b85f814fbc12fec0508a7b1d0,1
0xd85ad783cc94bd04196a13dc042a3054a9b52210,1
0xf9fbe825bfb2bf3e387af0dc18cac8d87f29dea8,1
0x054d64b73d3d8a21af3d764efd76bcaa774f3bb2,1
0x20f7a3ddf244dc9299975b4da1c39f8d5d75f05a,1
0x2cc3d4ad4bc8c9f284c65e08b10c48ec993c8c39,4
0x3593d125a4f7849a1b059e64f4517a86dd60c95d,1
0x4c11249814f11b9346808179cf06e71ac328c1b5,1
0x5a666c7d92e5fa7edcb6390e4efd6d0cdd69cf37,5
0x6f259637dcd74c767781e37bc6133cd6a68aa161,1
0x949bed886c739f1a3273629b3320db0c5024c719,1
0xa58a4f5c4bb043d2cc1e170613b74e767c94189b,2
0xbc17729fdf562723f0267f79ff25ade441056d87,1
0xbf2179859fc6d5bee9bf9158632dc51678a4100e,1
0xc4a11aaf6ea915ed7ac194161d2fc9384f15bff2,2
0x0488401c3f535193fa8df029d9ffe615a06e74e6,1
0x33d203fa03bb30b133de0fe2d6533c268ba286b6,1
0x491e136ff7ff03e6ab097e54734697bb5802fc1c,1
0x630d98424efe0ea27fb1b3ab7741907dffeaad78,1
0x632530c45597202a44e0062915fbd3d0142880e0,8
0xa41f142b6eb2b164f8164cae0716892ce02f311f,1
0xb12494c8824fc069757f47d177e666c571cd49ae,2
0xcd1faff6e578fa5cac469d2418c95671ba1a62fe,1
0x22b59a7387f7d25fe2b1c692ee825e1802e6e3d5,1
0x3d0293f06daf4311b482564330d57c8db6c10893,1
0x970b9bb2c0444f5e81e9d0efb84c8ccdcdcaf84d,1
0xae1eaae3f627aaca434127644371b67b18444051,1
0xece8531550fc599ccb2c7734494fbc358d0a9483,1
0x0ae055097c6d159879521c384f1d2123d1f195e6,6
0x1a75be6ab5bb5525243476fa41edd18fe071b449,5
0x6149c26cd2f7b5ccdb32029af817123f6e37df5b,1
0x63b4f3e3fa4e438698ce330e365e831f7ccd1ef4,1
0x6be61833fc4381990e82d7d4a9f4c9b3f67ea941,1
0x8fac8031e079f409135766c7d5de29cf22ef897c,1
0x9040e237c3bf18347bb00957dc22167d0f2b999d,1
0x929d96baf9025f0c54bc6d16c40f86f6dc90ab6c,1
0x94e9eb8b5ab9fd6b9ea3169d55ffade62a01702e,1
0x9f9913853f749b3fe6d6d4e16a1cc3c1656b6d51,1
0xd0cd466b34a24fcb2f87676278af2005ca8a78c4,1
0xd101dcc414f310268c37eeb4cd376ccfa507f571,1
0xe0b9a2c3e9f40cf74b2c7f591b2b0cca055c3112,1
0xee6b9cf11d968e0bac7bfff547577b8ae35b8065,1
0x2ce99c2ebbc0095a4f96dbd1f65d24bfb2c6bf71,1
0x331b9c07afbabbac2a263454a1b45d3f3c3d5857,3
0x6e9730ecffbed43fd876a264c982e254ef05a0de,1
0x92868a5255c628da08f550a858a802f5351c5223,2
0x9aab071b4129b083b01cb5a0cb513ce7eca26fa5,1
0xdb05ea0877a2622883941b939f0bb11d1ac7c400,1
0xe94b97b6b43639e238c851a7e693f50033efd75c,1
0x01ff50f8b7f74e4f00580d9596cd3d0d6d6e326f,1
0x22b6c31c2beb8f2d0d5373146eed41ab9ede3caf,1
0x37613d64258c0fe09d5e53eecb091da5b8fa8707,1
0x73d7c860998ca3c01ce8c808f5577d94d545d1b4,1
0x83e6f1e41cdd28eaceb20cb649155049fac3d5aa,2
0x8a33c1a044dc8ea007939697f993c0768eff39d4,1
0x903bef1736cddf2a537176cf3c64579c3867a881,1
0xa23c1194d421f252b4e6d5edcc3205f7650a4ebe,1
0xb087c2180e3134db396977065817aed91fea6ead,1
0x37c4822dfcea7211d1d9876dabd48c62d46dbaab,1
0x639ae8f3eed18690bf451229d14953a5a5627b72,2
0xbbcd93a1809239e3a4beb1b02fa6f8a83f7000b2,1
0xc3f65b1c45b0d42a472cd0fbd37dd6678aef667a,1
0xd502f487e1841fdc805130e13eae80c61186bc98,2
0xe0c65592aedb81a92c415dcc1788d00b62c55b17,4
0xeb58343b36c7528f23caae63a150240241310049,1
0xf0d33beda4d734c72684b5f9abbebf715d0a7935,1
0xfcf8eda095e37a41e002e266daad7efc1579bc0a,1
0x2b8a66201665cd8c36ab9f39127221847110aa8e,1
0x31429d1856ad1377a8a0079410b297e1a9e214c2,2
0x55af5865807b196bd0197e0902746f31fbccfa58,1
0x7778360f035c589fce2f4ea5786cbd8b36e5396b,1
0x7de91b204c1c737bcee6f000aaa6569cf7061cb7,1
0x88536c9b2c4701b8db824e6a16829d5b5eb84440,1
0xb26c4b3ca601136daf98593feaeff9e0ca702a8d,1
0xb7579409594a3d81524e3d5925b2ac5ac088406c,15
0xbc4171f45ef0ef66e76f979df021a34b46dcc81d,1
0xdf2c7238198ad8b389666574f2d8bc411a4b7428,1
0xeec2be5c91ae7f8a338e1e5f3b5de49d07afdc81,2
0xff75ced57419bcaebe5f05254983b013b0646ef5,1
0x71fc1f555a39e0b698653ab0b475488ec3c34d57,1
0x723cbfc05e2cfcc71d3d89e770d32801a5eef5ab,1
0x301c755ba0fca00b1923768fffb3df7f4e63af31,1
0x4ddc2d193948926d02f9b1fe9e1daa0718270ed5,1
0x7d5121505149065b562c789a0145ed750e6e8cdd,2
0x8ab7404063ec4dbcfd4598215992dc3f8ec853d7,1
0x9783b81438c24848f85848f8df31845097341771,1
0xc9fe6e1c76210be83dc1b5b20ec7fd010b0b1d15,3
0xef2e239b21a81719abaabc6239e2e90859b44d9b,1
0xf6832ea221ebfdc2363729721a146e6745354b14,1
0x260df160d6554e6a05619f2e9188c119b3e35f1e,1
0x406b9dca8b52f08385014ec1ed1cf6a0d5c01289,1
0x429881672b9ae42b8eba0e26cd9c73711b891ca5,1
0x58f9102bf53cf186682bd9a281d3cd3c616eec41,1
0x5ca381bbfb58f0092df149bd3d243b08b9a8386e,1
0x667fd83e24ca1d935d36717d305d54fa0cac991c,1
0x7fa7df4996ac59f398476892cfb195ed38543520,1
0x251457b7c5d85251ca1ab384361c821330be2520,1
0x2991341d28eaea277785d20e1d878d478c7ba4c7,1
0x3a363189a0837f4c820fd5aeaaf724b8ea6d4959,1
0x45fdb1b92a649fb6a64ef1511d3ba5bf60044838,1
0x50bd674bd9c9f78b457c8a2d0c7697b2d73dbdcb,1
0x957891c11616d3e0b0a76a76fb42724c382e0ef3,1
0xa704fce7b309ec09df16e2f5ab8caf6fe8a4baa9,1
0xc4bb7277a74678f053259cb1f96140347efbfd46,1
0xcf0bcf85082e3cfe591bd2451bc4b46faa34c7de,1
0x38a2fdc11f526ddd5a607c1f251c065f40fbf2f7,1
0x65ad6a2288b2dd23e466226397c8f5d1794e58fc,1
0x8a7adc1b690e81c758f1bd0f72dfe27ae6ec56a5,1
0x91dfbee3965baaee32784c2d546b7a0c62f268c9,1
0xb18a378839df3e58ad2f900b64507924fb305457,2
0xbd2949f67dcdc549c6ebe98696449fa79d988a9f,2
0xeb986da994e4a118d5956b02d8b7c3c7ce373674,1
0xf0dc76c22139ab22618ddfb498be1283254612b1,1
0xff5c69e8edc6446a1898698adcf9b1149d5e0306,1
0x038a68ff68c393373ec894015816e33ad41bd564,6
0x155040625d7ae3e9cada9a73e3e44f76d3ed1409,1
0x2e8ded382204c209f2c58cb3eb9333a3cc4027a9,1
0x98b7325328e3257a4921fdb7806679f5cf68184f,7
0x0010e428a2c734913732a22169f078ac95b991cd,4
0x1776e1f26f98b1a5df9cd347953a26dd3cb46671,1
0x2bf6267c4997548d8de56087e5d48bdccb877e77,1
0x5d554e71744aada1738261f64e3a2c6dd8a7def1,1
0x666945791d760e98562b42a7fde5f9c3f5cf2848,1
0x68749665ff8d2d112fa859aa293f07a622782f38,1
0x888888888889c00c67689029d7856aac1065ec11,1
0x8d137e3337eb1b58a222fef2b2cc7c423903d9cf,1
0xa1d0e215a23d7030842fc67ce582a6afa3ccab83,1
0xa4cf2afd3b165975afffbf7e487cdd40c894ab6b,1
0xc0d4ceb216b3ba9c3701b291766fdcba977cec3a,1
0xf8e9f10c22840b613cda05a0c5fdb59a4d6cd7ef,1
0x114f1388fab456c4ba31b1850b244eedcd024136,1
0x20a8cec5fffea65be7122bcab2ffe32ed4ebf03a,1
0x3c4b6e6e1ea3d4863700d7f76b36b7f3d3f13e3d,2
0x470ebf5f030ed85fc1ed4c2d36b9dd02e77cf1b7,1
0x636484a1c41e88e3fc7c99248ca0b3c3a844ab86,1
0x920e4cc5c50548ed2825de9e380a4d7b2a7ff143,1
0x9e10f61749c4952c320412a6b26901605ff6da1d,1
0x9f4909cc95fb870bf48c128c1fdbb5f482797632,1
0xc2bde1a2fa26890c8e6acb10c91cc6d9c11f4a73,2
0xcfaf8edcea94ebaa080dc4983c3f9be5701d6613,1
0xda0c94c73d127ee191955fb46bacd7ff999b2bcd,1
0x0327112423f3a68efdf1fcf402f6c5cb9f7c33fd,1
0x04abeda201850ac0124161f037efd70c74ddc74c,1
0x138c2f1123cf3f82e4596d097c118eac6684940b,1
0x471ea49dd8e60e697f4cac262b5fafcc307506e4,1
0x61107a409fffe1965126aa456af679719695c69c,1
0x859a9c0b44cb7066d956a958b0b82e54c9e44b4b,1
0xc5bddf9843308380375a611c18b50fb9341f502a,1
0x3a8d5bc8a8948b68dfc0ce9c14ac4150e083518c,1
0x6307b25a665efc992ec1c1bc403c38f3ddd7c661,1
0x9b28eee3c3c0b729f52b3bfe19c8e5a2e0d332ec,2
0x9f009d03e1b7f02065017c90e8e0d5cb378eb015,1
0xb000000001b0f298442607acfe543b3981c7eaa0,1
0xbd100d061e120b2c67a24453cf6368e63f1be056,3
0x0202be363b8a4820f3f4de7faf5224ff05943ab1,1
0x4da27a545c0c5b758a6ba100e3a049001de870f5,1
0x61be6fac719f871a24d9bdcdf97b6c94772c7e28,1
0x6226e00bcac68b0fe55583b90a1d727c14fab77f,2
0x9d561d63375672abd02119b9bc4fb90eb9e307ca,1
0xb115c71082824b7dee7af5ef5865a1b1f0c900ab,1
0xc6e64729931f60d2c8bc70a27d66d9e0c28d1bf9,1
0xcd833cd4cc90f3aae1a1ebe005fe6af61b7d119e,1
0xd72ab8e5cd47c602c31c5dddab6af8c1a912f301,1
0xde72a052cbb212eff11a4a33d61df9c5a2de8dd1,1
0x12e951934246186f50146235d541d3bd1d463e4d,1
0x16756ec1deb89a2106c35e0b586a799d0a61837d,1
0x1bd2c0a3cb806fc395d7c1b974c40da07cf5d34d,1
0x34e101183c23f0500c367b47b5bde946ba3c5235,1
0x5646077e2779a4e8607a99257bd76f627a262d86,1
0x632806bf5c8f062932dd121244c9fbe7becb8b48,1
0x6c28aef8977c9b773996d0e8376d2ee379446f2f,1
0xcccbf11ac3030ee8cd7a04cfe15a3718df6dd030,1
0xe4cfe9eaa8cdb0942a80b7bc68fd8ab0f6d44903,1
0xfdc4722fc0519d661dacf23d1dd718d2547fd041,1
0x27292cf0016e5df1d8b37306b2a98588acbd6fca,1
0x287f2eb14fa0993e5455af529a732b87f8e9f562,1
0x5f20f15d40f24dae50a72be3b5edddddfb5a5bd0,1
0x6295afe9e8865cccc3690de64f33a42a884132f8,1
0x7797c85b46f548eacc07c229f6cd207d6370442f,2
0xad4f86a25bbc20ffb751f2fac312a0b4d8f88c64,1
0xd8912c10681d8b21fd3742244f44658dba12264e,3
0x198d14f2ad9ce69e76ea330b374de4957c3f850a,1
0x33e18a092a93ff21ad04746c7da12e35d34dc7c4,1
0x9ac59862934ebc36072d4d8ada37c62373a13856,1
0xac0104cca91d167873b8601d2e71eb3d4d8c33e0,1
0xad32a8e6220741182940c5abf610bde99e737b2d,2
0xd7d6ab522fa41caae78f6edeb46a14954ae0c772,1
0xd7efb00d12c2c13131fd319336fdf952525da2af,1
0xdba2407b58d05e74431117dd11c459594a9ac831,1
0xf203ca1769ca8e9e8fe1da9d147db68b6c919817,1
0x02d3a27ac3f55d5d91fb0f52759842696a864217,1
0x05b4af867dcff2e45d75d04d52cda919c7a27e08,1
0x375abb85c329753b1ba849a601438ae77eec9893,1
0xa0e37d8a434a1a554f92df9971cff8eb94ee8e74,1
0xb5c578947de0fd71303f71f2c3d41767438bd0de,1
0xdc7a6d18243fe318fe04a5e83a414ed1cf357b38,1
0xf56408077487cb879c992909c5b5c66d68c02eb4,1
0x178c820f862b14f316509ec36b13123da19a6054,2
0x61e90a50137e1f645c9ef4a0d3a4f01477738406,1
0xf5d669627376ebd411e34b98f19c868c8aba5ada,1
0xf98039fb440a9539c798ad70930abf24205f8c54,1
0x7662c015d845ef487fde32cb884653be9c9e0110,1
0x97b65710d03e12775189f0d113202cc1443b0aa2,1
0xa393473d64d2f9f026b60b6df7859a689715d092,3
0xb4a81261b16b92af0b9f7c4a83f1e885132d81e4,1
0xb8baa0e4287890a5f79863ab62b7f175cecbd433,1
0xf680429328caaacabee69b7a9fdb21a71419c063,1
0xa80f2c8f61c56546001f5fc2eb8d6e4e72c45d4c,1
0xdef575aea01bfc170d1839b7ebd2e5b8ea58c13e,1
0x1051c95457060262bb773e8a70c83fd0cb7a4171,1
0x409c4d8cd5d2924b9bc5509230d16a61289c8153,1
0x441761326490cacf7af299725b6292597ee822c2,1
0x60eb57d085c59932d5faa6c6026268a4386927d0,1
0x7815bda662050d84718b988735218cffd32f75ea,1
0x92037aeba4434301f5d3e22f72775be805426e20,1
0x020810d775fc019480cd56ecb960389d3477039d,1
0x0cec1a9154ff802e7934fc916ed7ca50bde6844e,1
0x11742f8c430dda45ef026c71c6870e57c071e256,8
0x1a142510aed7d3cf1530fa995b6137abd0007395,1
0x1f8a626883d7724dbd59ef51cbd4bf1cf2016d13,1
0x2e85ae1c47602f7927bcabc2ff99c40aa222ae15,2
0x5230ec324d955a1c8f3381723a59177d783abd75,1
0x635d081fd8f6670135d8a3640e2cf78220787d56,1
0x7269c9aaa5ed95f0cc9dc15ff19a4596308c889c,1
0x87931e7ad81914e7898d07c68f145fc0a553d8fb,1
0x9b06d48e0529ecf05905ff52dd426ebec0ea3011,1
0xa1faa113cbe53436df28ff0aee54275c13b40975,1
0xad5fe5b0b8ec8ff4565204990e4405b2da117d8e,1
0xbfa3ef564e1193bef6ce06ca31677dbd09b99d0c,1
0x7c9f4c87d911613fe9ca58b579f737911aad2d43,1
0xd6caf5bd23cf057f5fccce295dcc50c01c198707,1
0x058bc8ef040bd3971418e36aa88b64899378ccf4,1
0x5552e5a89a70cb2ef5adbbc45a6be442fe7160ec,1
0x740623d2c797b7d8d1ecb98e9b4afcf99ec31e14,1
0x3b08c03fa8278cf81b9043b228183760376fcdbb,1
0x580c8520deda0a441522aeae0f9f7a5f29629afa,2
0x626e8036deb333b408be468f951bdb42433cbf18,1
0xa6dd98031551c23bb4a2fbe2c4d524e8f737c6f7,1
0xac1beba57dc2e8ecfd78d8ef93d1ff20785f4e27,2
0xbde1f1bca850d835f6cf161b63e9a500a8db70c1,1
0xbea98c05eeae2f3bc8c3565db7551eb738c8ccab,1
0xcfcd2a0b70bec43945a3860816039063d8c3061c,1
0xfbbf63eba6bc534b22fb306b348886823c378787,5
0x579cea1889991f68acc35ff5c3dd0621ff29b0c9,1
0x84342e932797fc62814189f01f0fb05f52519708,1
0x85eee30c52b0b379b046fb0f85f4f3dc3009afec,3
0x888888435fde8e7d4c54cab67f206e4199454c60,1
0xbdc5bac39dbe132b1e030e898ae3830017d7d969,1
0xcdf7028ceab81fa0c6971208e83fa7872994bee5,2
0xda79f48c881689f6889aadf5d537be6feac40602,46
0x6b1a8f210ec6b7b6643cea3583fb0c079f367898,1
0x808507121b80c02388fad14726482e061b8da827,1
0x94e496474f1725f1c1824cb5bdb92d7691a4f03a,1
0xcbfef8fdd706cde6f208460f2bf39aa9c785f05d,1
0xed025a9fe4b30bcd68460bca42583090c2266468,1
0xf4b5470523ccd314c6b9da041076e7d79e0df267,1
0xf5238462e7235c7b62811567e63dd17d12c2eaa0,1
0x1c1c14a6b5074905ce5d367b0a7e098b58ebfd47,1
0x3b94440c8c4f69d5c9f47bab9c5a93064df460f5,1
0x407a3e019c655b779ccd098ff50377e4c5f1c334,1
0x4a615bb7166210cce20e6642a6f8fb5d4d044496,1
0x4fe83213d56308330ec302a8bd641f1d0113a4cc,1
0x73374ea518de7addd4c2b624c0e8b113955ee041,1
0x96e61422b6a9ba0e068b6c5add4ffabc6a4aae27,1
0xbb3c2a170fbb8988cdb41c04344f9863b0f71c20,1
0xcafe001067cdef266afb7eb5a286dcfd277f3de5,1
0xd83ae04c9ed29d6d3e6bf720c71bc7beb424393e,2
0xf5c67f43084aae4175699d54ea5c01b29e706aea,3
0x06a00715e6f92210af9d7680b584931faf71a833,1
0x2edf094db69d6dcd487f1b3db9febe2eec0dd4c5,1
0x4e352cf164e64adcbad318c3a1e222e9eba4ce42,1
0x5d285f735998f36631f678ff41fb56a10a4d0429,1
0x721a1b990699ee9d90b6327faad0a3e840ae8335,1
0x7bef710a5759d197ec0bf621c3df802c2d60d848,1
0x814e351ea87288501d52ae0e62b9f77b992f18ab,1
0x9695e0114e12c0d3a3636fab5a18e6b737529023,1
0x9b00e6e8d787b13756eb919786c9745054db64f9,1
0xa1eb103f8187645ab29ef97038a1157f33bb69ab,1
0xaa8330fb2b4d5d07abfe7a72262752a8505c6b37,2
0xc7d9c108d4e1dd1484d3e2568d7f74bfd763d356,1
0xd7f0cc50ad69408ae58be033f4f85d2367c2e468,1
0xdd1ad9a21ce722c151a836373babe42c868ce9a4,2
0xe6710e0cda178f3d921f456902707b0d4c4a332b,1
0xf293d23bf2cdc05411ca0eddd588eb1977e8dcd4,1
0x3e9d9124596af6d8faaefc9b3e07b3ce397d34f7,1
0x72b886d09c117654ab7da13a14d603001de0b777,1
0x755f5aa968e795be9389442ccb6b5d2d597195f0,1
0x7f8c4809730ef8b5c8e3efcdb44d45267501eb4b,1
0x8a0cdfab62ed35b836dc0633482798421c81b3ec,1
0x8daebade922df735c38c80c7ebd708af50815faa,1
0x9b99cca871be05119b2012fd4474731dd653febe,1
0xe2fc391c6eec994b1f6f6a9f8e69d5f1bcd53771,1
0xe5a3229ccb22b6484594973a03a3851dcd948756,1
0x03bde9476de5fbc907eee0bbf9cd635fef0f14f9,1
0x48f07301e9e29c3c38a80ae8d9ae771f224f1054,1
0x667102bd3413bfeaa3dffb48fa8288819e480a88,1
0xb71d339684fd208667afa23819eb66d639bfa06f,1
0xb9d99c33ea2d86ec5ec6b8a4dd816ebba64404af,1
0xbe62613d3abbf3d86f0806bcc12805b41e7e4428,1
0xde2667febd1499b698a15de4a01b991a30afae59,1
0xe1406825186d63980fd6e2ec61888f7b91c4bae4,1
0x1c5db575e2ff833e46a2e9864c22f4b22e0b37c2,1
0x7c07f7abe10ce8e33dc6c5ad68fe033085256a84,1
0xe22020f47b7378dfedcedd2c81d4137c22fe1152,1
0x15f0eedf9ce24fc4b6826e590a8292ce5524a1da,1
0xb4272071ecadd69d933adcd19ca99fe80664fc08,1
0x758b4684be769e92eefea93f60dda0181ea303ec,1
0xb17c88bda07d28b3838e0c1de6a30eafbcf52d85,1
0xb3d355de74f9540c7e780b26832fe0189bb977ce,2
0xb7f859889fcb5452396f385bb21d2bcc9094c355,1
0xd2f5f2d091ce6b87c755936a09f505611309d7f6,5
0x2646100b504ab4e767eeabfb389ebaa82ff51eed,5
0x2801a0d6b8161e82226f7b7bc2e2863eafbdf513,1
0x52662717e448be36cb54588499d5a8328bd95292,1
0x6069c9223e8a5da1ec49ac5525d4bb757af72cd8,1
0x8f693ca8d21b157107184d29d398a8d082b38b76,1
0x9e4f00e4675c94585abea674521e84f8cf2d3fb3,1
0xb705268213d593b8fd88d3fdeff93aff5cbdcfae,1
0xc382e04099a435439725bb40647e2b32dc136806,1
0xe89c20096b636ffec9fd26d1a623f42a33ead309,1
0xf6f31b8afbf8e3f7fc8246bef26093f02838da98,1
0x25e1474170c4c0aa64fa98123bdc8db49d7802fa,1
0x2b89bf8ba858cd2fcee1fada378d5cd6936968be,1
0x69ec436a1eaefef15e75543969f800ec2afc4490,1
0x7b6217f5224fe1828c5358cb42c79022179559ae,2
0x84cffa78b2fbbeec8c37391d2b12a04d2030845e,1
0x9e5bd9d9fad182ff0a93ba8085b664bcab00fa68,1
0xc86817249634ac209bc73fca1712bbd75e37407d,1
0xdb85f6685950e285b1e611037bebe5b34e2b7d78,1
0x000000007a58f5f58e697e51ab0357bc9e260a04,1
0x0c37bcf456bc661c14d596683325623076d7e283,1
0x1b40183efb4dd766f11bda7a7c3ad8982e998421,1
0x5ac63fe4391d9ebe7d78151aef00f10986550efe,2
0x5de83a4b2ca7d85476bb5ca5435e1bf1bbfde9a2,1
0x6911f552842236bd9e8ea8ddbb3fb414e2c5fa9d,1
0x6e954a8f26fbcb0a0a42a0d1c85bcc443b11db79,1
0x9aeb50f542050172359a0e1a25a9933bc8c01259,1
0xa249de6948022783765fee4850d7b85e43118fcc,1
0xe5caef4af8780e59df925470b050fb23c43ca68c,1
0xffffffff2ba8f66d4e51811c5190992176930278,3
0x234736f78a6f18d20d3d2ed0544c55d38f26b1cd,1
0x35cd5afde3994608934f3bec6621ba2f0606985f,2
0x81f8f0bb1cb2a06649e51913a151f0e7ef6fa321,1
0x84d821f7fbdd595c4c4a50842913e6b1e07d7a53,1
0xac59badc3487bdc3c077a9061f4c9c9871390153,1
0xb3e460d4a14db54d7b6dfdb9e9e3c68e68f610be,2
0x469861bdfd02e7ebce7cdeb281e8eec53069cf5f,1
0x62359ed7505efc61ff1d56fef82158ccaffa23d7,1
0x2af5d2ad76741191d15dfe7bf6ac92d4bd912ca3,1
0x1f76f3be89b3764bdcdf9015fcf341cb98c6976f,4
0x20a68f9e34076b2dc15ce726d7eebb83b694702d,1
0x5eea2f27bae3a77ee2e8fc9c82935f58f5ce6d6e,3
0x69fa0fee221ad11012bab0fdb45d444d3d2ce71c,2
0xed9535442796ad645398d29472868e3ffb9c7158,1
0x0e5c8c387c5eba2ecbc137ad012aed5fe729e251,1
0x2f4eb47a1b1f4488c71fc10e39a4aa56af33dd49,1
0x46d8824716db65318dba27499070ad16c5089955,1
0x5fdfe5ee55ae0fb7e0dba3481ea46f22fc92cbbb,1
0x68060cd4acf7f82c5ced694ee786b8bc0693424f,1
0xc775c0c30840cb9f51e21061b054ebf1a00acc29,1
0xef56bbebb114a097430c41542d594785b219dd7e,1
0x3d371413dd5489f3a04c07c0c2ce369c20986ceb,1
0xccafcaff56729218629b890396b7a8d116c1a5a2,3
0x1a846c4bebfa016cf5db125692fecf584b046c82,3
0x3c9d6c1c73b31c837832c72e04d3152f051fc1a9,1
0x5caf454ba92e6f2c929df14667ee360ed9fd5b26,1
0x8254e26e453eb5abd29b3c37ac9e8da32e5d3299,1
0x8c62ed0215e279ba82704912e70a05824ce9495c,1
0xa6586e19ef681b1ac0ed3d46413d199a555dbb95,1
0xf79f9020560963422ecc9c0c04d3a21190bbf045,1
0xfe18be6b3bd88a2d2a7f928d00292e7a9963cfc6,1
0x06a87f6afec4a739c367bef69eefe383d27106bd,1
0x35ed60514442a144d2a778c840d1272b6c79b654,1
0x4a8f5f96d5436e43112c2fbc6a9f70da9e4e16d4,1
0x4b7ee45f30767f36f06f79b32bf1fca6f726deda,1
0x5bc25f649fc4e26069ddf4cf4010f9f706c23831,1
0x60e683c6514edd5f758a55b6f393bebbafaa8d5e,1
0xa0335820dc549dbfae5b8d691331cadfca7026e0,1
0xa1a36d3537bbe375cc9694795f663ddc8d516db9,1
0xb4fbed161bebcb37afb1cb4a6f7ca18b977ccb25,1
0x1832f484324ae71ef2a32fc2f0802b599f0667b4,1
0x230bf0637628ef356b63d389e2ec6c77c8853a11,1
0x2c9c19ce3b15ae77c6d80aec3c1194cfd6f7f3fa,3
0x2ccbff3a042c68716ed2a2cb0c544a9f1d1935e1,2
0x2d94aa3e47d9d5024503ca8491fce9a2fb4da198,1
0x5380442d3c4ec4f5777f551f5edd2fa0f691a27c,1
0x56a86d648c435dc707c8405b78e2ae8eb4e60ba4,1
0x66761fa41377003622aee3c7675fc7b5c1c2fac5,1
0x73b708e84837ffccde2933e3a1531fe61d5e80ef,1
0xc29acac647c63dbd8618e817d41ea9de69174ae1,1
0xd15ecdcf5ea68e3995b2d0527a0ae0a3258302f8,1
0xdb820690e855dc6071a702b56561e1c63ccb6e2f,1
0x14e1735ed88ddb0df4f693df6c9301ec41025bfd,3
0x0cb8af226d28116f01c85324b0d920a6128178fb,1
0x16980b3b4a3f9d89e33311b5aa8f80303e5ca4f8,1
0x3ef389f264e07fff3106a3926f2a166d1393086f,1
0x7f3edcdd180dbe4819bd98fee8929b5cedb3adeb,1
0xb17327e6976be58b722d94780b8c9cfd01d558dc,14
0xc1c56a717c2c0759ccb677199f0f7a8f9c60fdf7,1
0xd9b312d77bc7bed9b9cecb56636300bed4fe5ce9,1
0xf4d861575ecc9493420a3f5a14f85b13f0b50eb3,1
0x296233e84c1d7bff11121bf6d60f0ffa39c3f0cf,1
0x2e8baededcc66f8264dc01416848db17f7f8f8a4,1
0x691b1965bf9a6cb960b578bcfa2282b0d5672513,1
0x8e7d2dde3f1e81d097cb5ec29d21ea7588833fe4,1
0x93bb3edad3a047e31c1beac4e0d9319712883e0e,1
0x1dd80016e3d4ae146ee2ebb484e8edd92dacc4ce,1
0x2610f0bfc21ef389fe4d03cfb7de9ac1e6c99d6e,1
0x4d953cf077c0c95ba090226e59a18fcf97db44ec,1
0x6361ca5a18d15516a6300efa3cbfa616fa716422,21
0x805ea9c07b49dd23ce11ec66dc6d8a2957385035,2
0xcaaa93712bdac37f736c323c93d4d5fdefcc31cc,1
0xe74ac81b14021d0cfb835f269f48f25918c5cae6,1
0xfb782396c9b20e564a64896181c7ac8d8979d5f4,1
0x120a3879da835a5af037bb2d1456bebd6b54d4ba,2
0x201a2e3195e2465e9da1a7ab6dd1d3b5ec896a35,1
0x351caa9045d65107b9d311d922d15887cfd634e4,1
0x37c997b35c619c21323f3518b9357914e8b99525,2
0x4f640f2529ee0cf119a2881485845fa8e61a782a,1
0x6c16119b20fa52600230f074b349da3cb861a7e3,1
0x84bb61eb0336b309ccf14cc68bd1888cfa4846ea,1
0xdf7a6a1214b3cbd3f9812434437f61a0d4cbbe1f,1
0xed04915c23f00a313a544955524eb7dbd823143d,1
0xf970b8e36e23f7fc3fd752eea86f8be8d83375a6,1
0x0b972aa52a4143ee0dc92f01e0fec63d7b121758,1
0x2f6081e3552b1c86ce4479b80062a1dda8ef23e3,1
0x32fcaf4da4416562d5f9bde14d5274982b6e45fa,1
0x638c082e5fed7d42c8665bfd395ee516fdcf2d87,1
0x65f9a292f1aeed5d755aa2fd2fb17ab2e9431447,1
0x679a0b65a14b06b44a0cc879d92b8bb46a818633,1
0x7cb651fcc1a7604ff019af2e45ca23f7b909dc0b,3
0x8df586aa346c3d9d1c99a21316a2735d71355ec8,1
0xa652492a384758b676cd61464ab34e69c15e51ee,3
0xc87cee866ebdfc4f0e07e80157f0f4cbb7ad329e,2
0xf27c6b0db4faf126b536def6835a8bd4b20bcda9,1
0x2e6539edc3b76f1e21b71d214527faba875f70f3,1
0x4092678e4e78230f46a1534c0fbc8fa39780892b,1
0x462ce935e7df925878fe0050a6db007739ac3bb3,1
0x9f8af482fa7b0ebd4d92df9513ce7a0648ccad7b,3
0xb0a11b159dee17ba764b19383dd433b85836ed11,1
0xc146b7cdbaff065090077151d391f4c96aa09e0c,1
0xcfeb09c3c5f0f78ad72166d55f9e6e9a60e96eec,2
0xeeaa40b28a2d1b0b08f6f97bb1dd4b75316c6107,1
0xffbf315f70e458e49229654dea4ce192d26f9b25,1
0x0ea984e789302b7b612147e4e4144e64f21425eb,1
0x465e07d6028830124be2e4aa551fbe12805db0f5,1
0x9d409a0a012cfba9b15f6d4b36ac57a46966ab9a,1
0xa54d2ebfd977ad836203c85f18db2f0a0cf88854,3
0x06e0feb0d74106c7ada8497754074d222ec6bcdf,1
0xbf4a2ddaa16148a9d0fa2093ffac450adb7cd4aa,1
0xdffa3a7f5b40789c7a437dbe7b31b47f9b08fe75,1
0x3974f62ce6440fe8ad2a85d8904f36d9a65a9fd4,1
0x7b3719e657b9cf6638428d4eaa9b165baff94a48,1
0x9832f3e6e4a96ac1e46d06fc925d2f3e9b6dc11c,1
0xb10c8492d948ee6414efbb90421caa9b2b74ad4a,1
0xfbbe9b1142c699512545f47937ee6fae0e4b0aa9,1
0x1c7bbadc81e18f7177a95eb1593e5f5f35861b10,1
0x1f31dd60b84ea2a273cfc56876437e069ae80afd,1
0x4e08f03079c5cd3083ea331ec61bcc87538b7665,2
0x5245c0249e5eeb2a0838266800471fd32adb1089,1
0x7ae1d57b58fa6411f32948314badd83583ee0e8c,2
0x81b1bfd6cb9ad42db395c2a27f73d4dcf5777e2d,1
0xfc979087305a826c2b2a0056cfaba50aad3e6439,1
0x0040fd6b4cb50003ea9fc0651592a113ccba45bc,1
0x2c8aec2fd0c0feba71e0424873461908067d5bf4,1
0x32353a6c91143bfd6c7d363b546e62a9a2489a20,1
0x419c4db4b9e25d6db2ad9691ccb832c8d9fda05e,1
0x6f40d4a6237c257fff2db00fa0510deeecd303eb,1
0x99295f1141d58a99e939f7be6bbe734916a875b8,3
0xcb8d1260f9c92a3a545d409466280ffdd7af7042,1
0x3438a3ddd9a900228a0815adca951e75c4eca40d,1
0x3a4f40631a4f906c2bad353ed06de7a5d3fcb430,1
0x3abf2a4f8452ccc2cf7b4c1e4663147600646f66,1
0x80ce3027a70e0a928d9268994e9b85d03bd4cdcf,1
0x8eedefe828a0f16c8fc80e46a87bc0f1de2d960c,2
0x986ee2b944c42d017f52af21c4c69b84dbea35d8,1
0x9fa69536d1cda4a04cfb50688294de75b505a9ae,1
0xc770eefad204b5180df6a14ee197d99d808ee52d,1
0xcd452ad761bd624cb016d40ce9d232f180e55d73,1
0x4cd0c43b0d53bc318cc5342b77eb6f124e47f526,1
0x5481af2ee6680cca9644cd4b0d6d4b2895f727f0,1
0x5f018e73c185ab23647c82bd039e762813877f0e,1
0x6c936d4ae98e6d2172db18c16c4b601c99918ee6,1
0x71ba91dc68c6a206db0a6a92b4b1de3f9271432d,1
0x8174ea243aabc2b0551ecdc5d46048d59c2265c6,2
0x8185bc4757572da2a610f887561c32298f1a5748,1
0xdd2a36ae937bc134ea694d77fc7e2e36f5d86de0,1
0x405cffce3a08dcc0e909bb20fd4eb654dca948d8,1
0xc7f2723b64d88f4d14f0beb2e9ffce78795bbcc6,1
0x15a08a0fdc7c335ef811fd9dc862c0da2ef88083,1
0x25b24b3c47918b7962b3e49c4f468367f73cc0e0,2
0x2c974b2d0ba1716e644c1fc59982a89ddd2ff724,2
0x08ba718f288c3b12b01146816bef9fa03cc635bc,1
0x67cc621ab2d086a101cff3340df0a065ac75827c,1
0x7a7905e4f80dacd5dd9296cbdf2ea69160ac9d0f,1
0x8b79656fc38a04044e495e22fad747126ca305c4,2
0x900db999074d9277c5da2a43f252d74366230da0,2
0xc1a85faa09c7f7247899f155439c5488b43e8429,1
0xe3818504c1b32bf1557b16c238b2e01fd3149c17,1
0x12d102f06da35cc0111eb58017fd2cd28537d0e1,1
0x1e9d0bb190ac34492aa11b80d28c1c86487a341f,1
0x45080a6531d671ddff20db42f93792a489685e32,1
0x45734927fa2f616fbe19e65f42a0ef3d37d1c80a,1
0x62858686119135cc00c4a3102b436a0eb314d402,1
0x98585dfc8d9e7d48f0b1ae47ce33332cf4237d96,1
0xca6a720ac282e8634f595c4351b827191aea1bbe,1
0x050c9873888f10039ba71d90f9a8be068c52e61d,2
0x6368e1e18c4c419ddfc608a0bed1ccb87b9250fc,1
0xa8b12cc90abf65191532a12bb5394a714a46d358,1
0x0a0e3bfd5a8ce610e735d4469bc1b3b130402267,1
0x363f071a901f92a11a041bf491f35cdd18224289,1
0x8a40c222996f9f3431f63bf80244c36822060f12,1
0xb41f289d699c5e79a51cb29595c203cfae85f32a,1
0x16cda4028e9e872a38acb903176719299beaed87,1
0x1c0d06d55d9237c5959f79736102cda691bd1d89,1
0x22fc40816adc9f26e479e453d6f7af771ce85a7b,1
0x269616d549d7e8eaa82dfb17028d0b212d11232a,1
0x3a1311b8c404629e38f61d566cefefed083b9670,1
0x45c2f8c9b4c0bdc76200448cc26c48ab6ffef83f,1
0xd794dd1cada4cf79c9eebaab8327a1b0507ef7d4,1
0xda345dfa9b1e5f41523c99aaee87f11a803a6e43,14
0xdefac16715671b7b6aeefe012125f1e19ee4b7d7,1
0xf2210f65235c2fb391ab8650520237e6378e5c5a,1
0xf519381791c03dd7666c142d4e49fd94d3536011,1
0xffe02ee4c69edf1b340fcad64fbd6b37a7b9e265,1
0x10633216e7e8281e33c86f02bf8e565a635d9770,1
0x2f141ce366a2462f02cea3d12cf93e4dca49e4fd,1
0x3f45c49d6a2ab9ebad00557652f8c5b310688793,1
0x6fb1e018f107d3352506c23777e4cd62e063584a,1
0x72c2c5786d4815477ef96d9e9ec640f9f5eba8f6,1
0xa6e265667e1e18c28f2b5dc529f775c5f0d56d4a,1
0xade6fdaba1643e4d1eef68da7170f234470938c6,1
0xd593e7e8eab3c937662706558e6ab301f47bf4bd,2
0xdb42116871bde6b1e6492848724111ae93fd271f,1
0xe7d4127f098604e5e0aa2e1f6f1f96c1e03f5ade,1
0x07f42e4aa370557b05603467a4e135d48f302047,1
0x2af1df3ab0ab157e1e2ad8f88a7d04fbea0c7dc6,1
0x2ea2bd1cf10bed163487a01d29f8e6bf9c44124a,1
0x77132bb08b02a7a87732ec289efab45edf49884f,1
0x793786e2dd4cc492ed366a94b88a3ff9ba5e7546,2
0xdf589fc5d4fbc44eb437833d4e300b1de4ae96a9,1
0x34010e6b1be74ac990efebd2cfdb9370b3085c2a,1
0x6710c63432a2de02954fc0f851db07146a6c0312,2
0x6bb61215298f296c55b19ad842d3df69021da2ef,1
0xac3211a5025414af2866ff09c23fc18bc97e79b1,3
0x297d33e17e61c2ddd812389c2105193f8348188a,1
0x34b3074851bde2e462e361ea4b0841912110ffd2,3
0x519c1001d550c0a1dae7d1fc220f7d14c2a521bb,1
0x612e1726435fe38dd49a0b35b4065b56f49c8f11,2
0xb840d10d840ef47c233fec1fd040f5b145a6dfa5,1
0xddf7fd345d54ff4b40079579d4c4670415dbfd0a,1
0xdec41db0c33f3f6f3cb615449c311ba22d418a8d,1
0x0aa7efe4945db24d95ca6e117bba65ed326e291a,1
0x1a2933fba0c6e959c9a2d2c933f3f8ad4aa9f06e,1
0x3218a02f8f8b5c3894ce30eb255f10bcba13e654,1
0x6595b8fd9c920c81500dca94e53cdc712513fb1f,1
0x7025bab2ec90410de37f488d1298204cd4d6b29d,1
0x9b9087756eca997c5d595c840263001c9a26646d,1
0xb1191f691a355b43542bea9b8847bc73e7abb137,1
0xb8e103b60a33597136ea9511f46b6dbeb643a3a5,1
0xbf30461210b37012783957d90dc26b95ce3b6f2d,1
0xfc98e825a2264d890f9a1e68ed50e1526abccacd,2
0x0fc6c0465c9739d4a42daca22eb3b2cb0eb9937a,1
0x1c83869d19d5ae73334c3480cc1a00268026e6fa,2
0x2c2f7e7c5604d162d75641256b80f1bf6f4dc796,1
0x9a0aba393aac4dfbff4333b06c407458002c6183,1
0xbdab72602e9ad40fc6a6852caf43258113b8f7a5,1
0xe7b553d546144b060f4b870a4215da0e74ec7814,1
0x9f9c8ec3534c3ce16f928381372bfbfbfb9f4d24,1
0xa0b0bf424aa245be8cf602ae479187db85c5a36b,1
0xc0eb85285d83217cd7c891702bcbc0fc401e2d9d,1
0xdc98c5543f3004debfaad8966ec403093d0aa4a8,1
0xdddddd4301a082e62e84e43f474f044423921918,1
0xe1bda0c3bfa2be7f740f0119b6a34f057bd58eba,1
0x220b71671b649c03714da9c621285943f3cbcdc6,1
0x2662887aebe121ae0f7b3698b4ddcc413dfb3516,2
0x2df488b8a4270bac5c2ce5ff467a0c5fd2aa49d6,1
0x34f797e7190c131cf630524655a618b5bd8738e7,1
0x405ce8b2eaeea7d4ba5fc160848cb2a6569e03f0,1
0x91b22fa516c84c4dabf1c5aeb2df516a63320a2f,1
0xd8e3fb3b08eba982f2754988d70d57edc0055ae6,1
0xdadd418856a0d2f188d50288a4c6bf998869b3e2,10
0xe9f1d62c671efe99896492766c0b416bd3fb9e52,1
0x1a76bffd6d1fc1660e1d0e0552fde51ddbb120cf,1
0x12e56851ec22874520dc4c7fa0a8a8d7dba1bac8,3
0x3fa729b4548becbad4eab6ef18413470e6d5324c,1
0x4ee438be38f8682abb089f2bfea48851c5e71eaf,1
0xee3b9b531f4c564c70e14b7b3bb7d516f33513ff,2
0xa69f7a10df90c4d6710588bc18ad9bf08081f545,1
0xa841d749ff31c2ebeca3e70ac148cdea7e5ec430,1
0xac8cc32fab2368a1a095722aaf760c45f578e17b,1
0xbba6c7c7d673c48d90069ad2e9d2fe587fcb6bc3,1
0xbcd4b7de6fde81025f74426d43165a5b0d790fdd,1
0xcdeee767bed58c5325f68500115d4b722b3724ee,1
0x0a16309db75316e5b92f86126c1e0abb824a38b2,1
0x13339fd07934cd674269726edf3b5ccee9dd93de,1
0x5cb3ce6d081fb00d5f6677d196f2d70010ea3f4a,1
0x6d0f5149c502faf215c89ab306ec3e50b15e2892,1
0x74edaf28fc4b9e6a1618d613839daaf6a9d075db,1
0x9fb83c0635de2e815fd1c21b3a292277540c2e8d,1
0xada86b1b313d1d5267e3fc0bb303f0a2b66d0ea7,1
0xb14ebf566511b9e6002bb286016ab2497b9b9c9d,1
0x24f3563650d124675a6b0fd13510f554d8bb306d,18
0x36f61c03cd914dab9b247929312de8a3be5ea049,14
0x515d7e9d75e2b76db60f8a051cd890eba23286bc,1
0x73fbfd424f0c1c8f7a84fdbb800a26d5d72fdbec,1
0x7c8d0315dfee1b7f6a8c36fd95f7e9249105b985,1
0x961c8c0b1aad0c0b10a51fef6a867e3091bcef17,1
0xff44b937788215eca197baaf9af69dbdc214aa04,1
0x17ef75aa22dd5f6c2763b8304ab24f40ee54d48a,1
0x4332f8a38f14bd3d8d1553af27d7c7ac6c27278d,1
0x4e0fca55a6c3a94720ded91153a27f60e26b9aa8,1
0x4fadc7a98f2dc96510e42dd1a74141eeae0c1543,1
0xb72a91ac402eec1977a6b2bd02d3f0aa1a261b93,1
0xc502002aeb1b9309fccb016adf50507987fc6c2b,3
0xd559f20296ff4895da39b5bd9add54b442596a61,1
0x5cf04716ba20127f1e2297addcf4b5035000c9eb,2
0x7728e45a2931bb8e3a21cdaaee60773d4b4cb45d,4
0xb1f1c1c08953f18b4d044383cd898e1a362e11b9,2
0xe9744ae7c29c27c4eaf0dbc11e419e28b8a87027,1
0xe9f84de264e91529af07fa2c746e934397810334,1
0x115ec79f1de567ec68b7ae7eda501b406626478e,1
0x1e64004083230cac6fd6e8e337ff44c85fd0e7b6,1
0x5eaa69b29f99c84fe5de8200340b4e9b4ab38eac,1
0x6243d8cea23066d098a15582d81a598b4e8391f4,1
0x7a5ce6abd131ea6b148a022cb76fc180ae3315a6,1
0xe0df31d06d72b2f5231489af0edc422b372f49f1,1
0xf9a2d7e60a3297e513317ad1d7ce101cc4c6c8f6,1
0x39f7c74d34d7284418ad133d0f2c007036708819,1
0x471d113059324321749e097705197a2b44a070fc,1
0x60f5672a271c7e39e787427a18353ba59a4a3578,1
0xe89d4c65db4c859a83ba7f100154fa2d172b60b0,1
0x8f3470a7388c05ee4e7af3d01d8c722b0ff52374,1
0xaf6229791ca19006628637b572e9f64dbbf84fcd,1
0xc3761eb917cd790b30dad99f6cc5b4ff93c4f9ea,1
0x0def8d8adde14c9ef7c2a986df3ea4bd65826767,1
0x677ddbd918637e5f2c79e164d402454de7da8619,1
0x7e9d8f07a64e363e97a648904a89fb4cd5fb94cd,1
0x95a4492f028aa1fd432ea71146b433e7b4446611,1
0xa70e3e0589207306fe1c3bc9397a2dc01e31c546,1
0xdc524e3c6910257744c1f93cf15e9f472b5bd236,1
0x2af5fad6b42ff38379d36b9bb184aa7ead5c83a2,1
0x316af3645b60b81b14c8032c4e4251f2c4674b70,1
0x3ca4323a72efc510520470421a869ffe6cd37066,8
0x6047e101aaa9ab9b02fe5cbc1dd03c2c7c8516be,1
0x805c2077f3ab224d889f9c3992b41b2f4722c787,1
0x843c97b22fcbba1b719df8ad920ea2b9fdaa0661,14
0x9992ec3cf6a55b00978cddf2b27bc6882d88d1ec,1
0xacbd826394189cf2623c6df98a18b41fc8ffc16d,1
0xad2e4a8c59aa13108a9b8720c43f6109e5a66bd1,2
0x16cc8367055ae7e9157dbcb9d86fd6ce82522b31,1
0x34da1caf5a4fd2ec884f8cc1b239ba6978d6fcfd,2
0xabd4dc8fde9848cbc4ff2c0ee81d4a49f4803da4,1
0xf108c506ae3b9b44c27e07bf9d6e5ceefbf6ceb7,1
0x26e75307fc0c021472feb8f727839531f112f317,1
0x3c6ff50c9ec362efa359317009428d52115fe643,1
0x4387946a7ed6561cf3390faaac90c1f52b593f2e,1
0x7825e833d495f3d1c28872415a4aee339d26ac88,1
0x849ba2278cdae7fa7006c0661fea1c35d5af3336,1
0xa1817b6d8d890f3943b61648992730373b71f156,1
0xaefc72b834cbd819344277544a039c6afb8eeb71,1
0x1cd939fe31883cddf30c0e698ad4fdbadcb90431,1
0x72377f31e30a405282b522d588aebbea202b4f23,4
0x9dfad1b7102d46b1b197b90095b5c4e9f5845bba,1
0xba9d4199fab4f26efe3551d490e3821486f135ba,1
0xeefd454acacb4c43636e22d1fe412be5417f1c02,2
0x0f7f961648ae6db43c75663ac7e5414eb79b5704,1
0x1985365e9f78359a9b6ad760e32412f4a445e862,1
0x30ec14d489cd4744d10d4471bc33f9ccc4735ab4,1
0x39bb259f66e1c59d5abef88375979b4d20d98022,1
0xc2544a32872a91f4a553b404c6950e89de901fdb,1
0xeeeeeb57642040be42185f49c52f7e9b38f8eeee,2
0x4fd5b9b5dcc9a5d5931d007ba4ae573e760d9b64,1
0xceb286c9604c542d3cc08b41aa6c9675b078a832,1
0xfbeea1c75e4c4465cb2fccc9c6d6afe984558e20,1
0x04969cd041c0cafb6ac462bd65b536a5bdb3a670,6
0x2665204646e233e82ae9231c7e34ba38ba5293de,1
0x4f4f0ef7978737ce928bff395529161b44e27ad9,1
0x66c0dded8433c9ea86c8cf91237b14e10b4d70b7,2
0x70d2b7c19352bb76e4409858ff5746e500f2b67c,1
0x8ce9137d39326ad0cd6491fb5cc0cba0e089b6a9,1
0xab2a7b5876d707e0126b3a75ef7781c77c8877ee,1
0xd590934b4022daa271e021578d03511f834ec6ea,5
0xeeeeeeeee2af8d0e1940679860398308e0ef24d6,1
0x098eb57a36eccde36e8cc91036ac3597e4f07c95,1
0x221657776846890989a759ba2973e427dff5c9bb,1
0x38894302a6eabea6f2b29b508031d2ed75f0be22,1
0x5f474906637bdcda05f29c74653f6962bb0f8eda,1
0x0aee8703d34dd9ae107386d3eff22ae75dd616d1,1
0x1117ac6ad6cdf1a3bc543bad3b133724620522d5,1
0x39795344cbcc76cc3fb94b9d1b15c23c2070c66d,2
0x86ed939b500e121c0c5f493f399084db596dad20,1
